Time,Bid,Ask,EUR,BTC,Trade
25 Dec 13 22:11,493.3,495.7,903.0005,1.105,0
25 Dec 13 22:17,493.3,495.7,903.0005,1.105,0
25 Dec 13 22:27,493.3,495.7,903.0005,1.105,0
25 Dec 13 22:37,495.3,497.1,903.0005,1.105,-0.037
25 Dec 13 22:47,495.3,495.3,921.4255,1.068,0
25 Dec 13 22:58,495.5,497.1,921.4255,1.068,0
25 Dec 13 23:06,495.5,497.8,921.4255,1.068,0
25 Dec 13 23:16,495.5,497.7,921.4255,1.068,0
25 Dec 13 23:26,495.4,497.8,921.4255,1.068,0
25 Dec 13 23:36,495.1,496.6,921.4255,1.068,0
25 Dec 13 23:46,496.6,499.0,921.4255,1.068,-0.027
25 Dec 13 23:56,495.4,497.8,934.839,1.041,0
26 Dec 13 00:06,497.4,499.0,934.839,1.041,-0.017
26 Dec 13 00:16,494.2,496.6,943.1965,1.024,0.02
26 Dec 13 00:26,497.3,499.0,933.2129,1.044,-0.018
26 Dec 13 00:36,497.3,499.0,942.3328,1.025,0
26 Dec 13 00:46,499.0,499.0,942.3328,1.025,-0.034
26 Dec 13 00:56,498.5,499.0,959.2037,0.992,0
26 Dec 13 01:06,499.0,499.0,959.2037,0.992,0
26 Dec 13 01:16,497.3,499.0,959.2037,0.992,0
26 Dec 13 01:26,497.3,499.0,959.2037,0.992,0
26 Dec 13 01:36,498.9,499.0,959.2037,0.992,0
26 Dec 13 01:47,498.9,499.0,959.2037,0.992,0
26 Dec 13 01:57,502.1,503.9,959.2037,0.992,-0.064
26 Dec 13 02:07,505.1,505.9,991.3437,0.927,-0.062
26 Dec 13 02:17,502.0,504.5,1022.8216,0.865,0.016
26 Dec 13 02:27,503.2,505.7,1014.9835,0.88,0
26 Dec 13 02:37,504.4,505.7,1014.9835,0.88,0
26 Dec 13 02:47,504.5,505.8,1014.9835,0.88,0
26 Dec 13 02:57,503.3,504.5,1014.9835,0.88,0
26 Dec 13 03:07,501.1,503.3,1014.9835,0.88,0.025
26 Dec 13 03:17,502.7,505.0,1002.3394,0.906,0
26 Dec 13 03:27,502.7,504.0,1002.3394,0.906,0
26 Dec 13 03:37,502.7,504.0,1002.3394,0.906,0
26 Dec 13 03:47,498.9,501.4,1002.3394,0.906,0.039
26 Dec 13 03:57,497.7,500.1,982.6844,0.945,0.026
26 Dec 13 04:07,500.1,501.4,975.1779,0.96,0
26 Dec 13 04:17,498.9,501.4,975.1779,0.96,0
26 Dec 13 04:28,501.5,503.9,975.1779,0.96,-0.021
26 Dec 13 04:38,501.5,502.0,985.5168,0.939,0
26 Dec 13 04:48,501.5,502.0,985.5168,0.939,0
26 Dec 13 04:58,501.5,502.0,985.5168,0.939,0
26 Dec 13 05:08,501.5,502.0,985.5168,0.939,0
26 Dec 13 05:18,501.5,502.0,985.5168,0.939,0
26 Dec 13 05:28,501.5,502.0,985.5168,0.939,0
26 Dec 13 05:38,502.0,503.9,985.5168,0.939,-0.01
26 Dec 13 05:48,502.0,503.9,990.6876,0.929,0
26 Dec 13 05:58,502.0,503.9,990.6876,0.929,0
26 Dec 13 06:08,502.0,503.9,990.6876,0.929,0
26 Dec 13 06:18,502.0,503.9,990.6876,0.929,0
26 Dec 13 06:28,500.1,501.4,990.6876,0.929,0.015
26 Dec 13 06:38,496.1,498.4,983.1756,0.944,0.063
26 Dec 13 06:49,500.8,502.1,975.6822,0.959,0
26 Dec 13 06:59,504.0,506.0,975.6822,0.959,-0.071
26 Dec 13 07:09,502.7,504.0,983.2096,0.944,-0.03
26 Dec 13 07:19,501.5,501.9,990.7276,0.929,0
26 Dec 13 07:29,501.9,504.0,990.7276,0.929,0
26 Dec 13 07:39,513.0,513.1,990.7276,0.929,-0.223
26 Dec 13 07:49,513.1,515.7,1105.058,0.705,0
26 Dec 13 07:59,511.9,513.1,1105.058,0.705,0
26 Dec 13 08:09,511.9,513.1,1105.058,0.705,0
26 Dec 13 08:19,511.8,513.1,1105.058,0.705,0
26 Dec 13 08:29,511.8,513.1,1105.058,0.705,0
26 Dec 13 08:39,514.0,514.0,1105.058,0.705,-0.019
26 Dec 13 08:49,512.0,514.3,1114.9132,0.686,0
26 Dec 13 08:59,517.5,518.9,1114.9132,0.686,-0.071
26 Dec 13 09:09,517.5,519.0,1151.471,0.615,0
26 Dec 13 09:19,522.0,523.4,1151.471,0.615,-0.089
26 Dec 13 09:30,518.9,520.0,1197.7539,0.527,0.04
26 Dec 13 09:40,513.1,515.0,1176.7424,0.567,0.1
26 Dec 13 09:50,513.2,515.0,1124.9939,0.667,0
26 Dec 13 10:00,522.1,524.8,1124.9939,0.667,-0.143
26 Dec 13 10:09,523.7,525.1,1223.467,0.479,0
26 Dec 13 10:19,525.1,528.6,1229.4909,0.467,0
26 Dec 13 10:36,525.1,525.5,1229.4909,0.467,0
26 Dec 13 10:46,522.4,523.7,1229.4909,0.467,0.028
26 Dec 13 10:56,522.1,523.7,1215.0115,0.495,0
26 Dec 13 11:06,525.5,527.0,1215.0115,0.495,-0.037
26 Dec 13 11:16,527.0,527.1,1234.1648,0.458,-0.029
26 Dec 13 11:26,527.2,528.1,1249.3458,0.429,0
26 Dec 13 11:36,523.3,525.5,1249.3458,0.429,0.031
26 Dec 13 11:46,527.2,528.0,1232.9869,0.46,-0.035
26 Dec 13 11:56,521.2,522.6,1238.2494,0.45,0.066
26 Dec 13 12:06,523.0,523.0,1238.0915,0.451,0.056
26 Dec 13 12:16,520.0,520.2,1208.6131,0.507,0.056
26 Dec 13 12:27,517.0,518.5,1179.3819,0.563,0.033
26 Dec 13 12:37,520.0,521.0,1161.9933,0.597,-0.03
26 Dec 13 12:47,516.3,516.3,1177.5691,0.567,0.073
26 Dec 13 12:57,516.2,518.0,1139.7252,0.64,0
26 Dec 13 13:07,520.0,522.6,1139.7252,0.64,-0.073
26 Dec 13 13:17,521.3,522.6,1177.8644,0.566,-0.025
26 Dec 13 13:27,521.3,523.0,1190.7608,0.541,0
26 Dec 13 13:37,520.0,521.3,1190.7608,0.541,0
26 Dec 13 13:47,520.0,521.0,1190.7608,0.541,0
26 Dec 13 13:57,523.9,525.0,1190.7608,0.541,-0.051
26 Dec 13 14:07,523.6,524.9,1217.4162,0.49,0
26 Dec 13 14:17,521.2,523.8,1217.4162,0.49,0
26 Dec 13 14:27,525.0,525.5,1217.4162,0.49,-0.022
26 Dec 13 14:37,526.0,526.3,1229.0742,0.468,-0.019
26 Dec 13 15:59,534.385,535.0,1255.0119,0.41890765,-0.131
26 Dec 13 16:01,530.90679,532.37397,1324.7937,0.28808884,0.039
26 Dec 13 16:03,533.97023,535.0,1304.0094,0.32705951,-0.031
26 Dec 13 16:09,533.83116,533.92546,1320.6035,0.29592675,0.001
26 Dec 13 16:19,533.84124,534.98,1320.6035,0.29592675,0.0
26 Dec 13 16:29,533.83725,535.0,1320.6035,0.29592675,0.0
26 Dec 13 16:39,531.2,531.9999,1320.6035,0.29592675,0.038
26 Dec 13 16:49,530.1,531.9999,1300.3998,0.33383531,0.001
26 Dec 13 16:59,531.0,535.0,1300.3998,0.33383531,0.0
26 Dec 13 17:09,535.16546,537.83198,1300.3998,0.33383531,-0.061
26 Dec 13 17:19,540.51,543.18085,1332.7244,0.27332518,-0.1
26 Dec 13 17:30,542.00001,544.52668,1386.6984,0.1732877,-0.028
26 Dec 13 17:40,545.90126,547.26328,1401.6271,0.14569432,-0.072
26 Dec 13 17:50,546.88,548.47,1440.6189,0.07413914,-0.018
26 Dec 13 17:55,547.86,548.0,1450.3384,0.05633451,0.0
26 Dec 13 18:05,545.0,547.31863,1450.3384,0.05633451,0.017
26 Dec 13 18:15,543.41,546.0,1441.2749,0.0728645,0.036
26 Dec 13 18:25,549.0,550.0,1421.51,0.10899884,-0.082
26 Dec 13 18:35,549.5,549.99,1466.4558,0.02698271,-0.014
26 Dec 13 18:45,543.29282,545.98919,1473.863,0.01347847,0.096
26 Dec 13 18:56,547.36938,548.9,1466.0151,0.02782628,0.002
26 Dec 13 19:06,548.02,549.0,1466.0151,0.02782628,0.0
26 Dec 13 19:16,549.1,549.9,1466.0151,0.02782628,-0.004
26 Dec 13 19:26,549.0,549.12,1466.0151,0.02782628,-0.001
26 Dec 13 19:36,552.83903,555.0,1466.0151,0.02782628,-0.028
26 Dec 13 19:46,556.97939,557.25018,1481.3709,0.0,0.0
26 Dec 13 19:56,554.321,554.98,1481.3709,0.0,0.05
26 Dec 13 20:06,550.0,552.34578,1453.6026,0.04994479,0.067
26 Dec 13 20:16,557.71,557.9,1437.8601,0.07839479,-0.078
26 Dec 13 20:26,555.0,556.48629,1481.503,0.0,0.03
26 Dec 13 20:36,556.88,556.99,1464.5965,0.03032625,-0.01
26 Dec 13 20:46,551.0,553.69416,1464.5965,0.03032625,0.07
26 Dec 13 20:56,542.7282,544.0,1425.8265,0.10022092,0.247
26 Dec 13 21:06,523.96299,526.55786,1291.292,0.34708269,0.465
26 Dec 13 21:16,537.15028,539.8288,1286.0169,0.35708269,0.1
26 Dec 13 21:27,535.0,535.85986,1232.1676,0.45665597,0.103
26 Dec 13 21:37,540.0,540.32262,1176.7887,0.5598162,-0.109
26 Dec 13 21:47,538.87713,540.21551,1235.7867,0.45036353,0.0
26 Dec 13 21:57,542.5,543.9,1235.7867,0.45036353,-0.065
26 Dec 13 22:07,538.88713,539.99,1271.0354,0.38527171,0.066
26 Dec 13 22:17,542.0,544.4461,1235.2663,0.45139301,-0.053
26 Dec 13 22:27,548.1,549.89017,1264.0162,0.39825341,-0.157
26 Dec 13 22:34,548.0,548.09,1349.8917,0.24129224,0.005
26 Dec 13 22:41,545.19933,547.0,1349.8917,0.24129224,0.217
26 Dec 13 22:44,547.0,547.92532,1276.9855,0.37433642,0.044
26 Dec 13 22:54,549.99999,550.00001,1252.8803,0.41825527,-0.089
26 Dec 13 23:04,550.79495,551.0,1301.4898,0.32972386,-0.034
26 Dec 13 23:14,553.4121,555.0,1319.9494,0.29615231,-0.11
26 Dec 13 23:24,553.38653,553.5,1380.6544,0.18627311,0.0
26 Dec 13 23:34,550.59223,553.34519,1380.6544,0.18627311,0.004
26 Dec 13 23:44,551.0,552.69855,1380.6544,0.18627311,0.03
26 Dec 13 23:54,547.84923,550.57848,1363.7834,0.21674619,0.09
27 Dec 13 00:04,548.2024,550.1,1314.2018,0.30664691,0.02
27 Dec 13 00:15,550.58643,553.32547,1303.2766,0.32647362,-0.022
27 Dec 13 00:25,550.58643,552.0,1315.1101,0.30494458,0.0
27 Dec 13 00:35,551.9581,553.5,1315.1101,0.30494458,-0.058
27 Dec 13 00:45,552.2839,555.03527,1346.9272,0.24720248,-0.014
27 Dec 13 00:55,553.66183,555.0,1354.474,0.23351446,-0.058
27 Dec 13 01:05,552.27184,554.999,1386.3635,0.17581889,0.0
27 Dec 13 01:15,551.43709,552.28184,1386.3635,0.17581889,0.058
27 Dec 13 01:25,550.91844,552.28184,1354.2154,0.23392954,0.0
27 Dec 13 01:35,550.91844,553.0,1354.2154,0.23392954,0.0
27 Dec 13 01:45,550.91844,553.64977,1354.2154,0.23392954,0.0
27 Dec 13 01:55,550.91844,551.9999,1354.2154,0.23392954,0.012
27 Dec 13 02:05,545.52184,548.24945,1347.6136,0.24586896,0.16
27 Dec 13 02:15,546.87679,548.99,1259.8663,0.40565029,0.0
27 Dec 13 02:25,541.1,542.77363,1259.8663,0.40565029,0.234
27 Dec 13 02:35,539.67614,541.01465,1132.4477,0.6400066,0.076
27 Dec 13 02:46,541.12745,542.37452,1091.4161,0.71571997,-0.006
27 Dec 13 08:28,523.8227,523.95,1091.4161,0.71571997,0.755
27 Dec 13 08:38,524.0,525.0,812.5366,1.24708028,0.178
27 Dec 13 08:41,524.0,525.0,719.1415,1.42467375,-0.575
27 Dec 13 08:51,524.02002,524.99,1019.8615,0.84980331,-0.001
27 Dec 13 09:01,530.38486,532.92619,1019.8615,0.84980331,-0.166
27 Dec 13 09:11,532.99,533.03479,1107.7948,0.68372929,-0.067
27 Dec 13 09:21,536.08593,537.52,1143.4858,0.61665144,-0.079
27 Dec 13 09:31,536.5,537.5583,1185.8101,0.53756659,-0.011
27 Dec 13 09:41,541.45616,541.9985,1191.4644,0.52700944,-0.125
27 Dec 13 09:52,546.0,547.247,1259.0594,0.4019576,-0.113
27 Dec 13 10:02,545.29183,545.2953,1320.7383,0.28880027,0.017
27 Dec 13 10:12,543.93269,545.2898,1311.2146,0.30623572,0.001
27 Dec 13 10:22,545.28776,546.9994,1311.2146,0.30623572,0.0
27 Dec 13 10:32,539.0048,540.26812,1311.2146,0.30623572,0.127
27 Dec 13 10:42,539.88,540.26812,1242.7449,0.43275341,0.0
27 Dec 13 10:46,540.2661,541.61811,1242.7449,0.43275341,-0.001
27 Dec 13 10:56,538.0,538.01,1242.7449,0.43275341,0.056
27 Dec 13 11:06,536.1,537.57221,1212.4832,0.48890524,0.012
27 Dec 13 11:16,537.58221,538.91346,1212.4832,0.48890524,0.0
27 Dec 13 11:26,538.99,540.0,1212.4832,0.48890524,-0.025
27 Dec 13 11:49,543.0,543.70857,1212.4832,0.48890524,0.0
27 Dec 13 11:59,543.1,545.0,1251.1896,0.48890524,0.0
27 Dec 13 12:09,545.06308,547.78093,1251.1896,0.48890524,0.0
27 Dec 13 12:19,545.05363,546.5,1251.1896,0.48890524,0.0
27 Dec 13 12:29,546.31674,548.7,1251.1896,0.48890524,0.0
27 Dec 13 12:39,548.0,548.7,1251.1896,0.48890524,0.0
27 Dec 13 12:49,547.75,548.0,1251.1896,0.48890524,0.0
27 Dec 13 12:59,544.93187,546.0,1251.1896,0.48890524,0.0
27 Dec 13 13:09,544.92985,546.29149,1251.1896,0.48890524,0.0
27 Dec 13 13:19,546.28946,548.0,1251.1896,0.48890524,0.0
27 Dec 13 13:29,546.5,547.63634,1251.1896,0.48890524,0.0
27 Dec 13 13:40,546.5,548.0,1251.1896,0.48890524,0.0
27 Dec 13 13:50,544.96,545.5,1251.1896,0.48890524,0.0
27 Dec 13 14:00,543.32899,544.68664,1251.1896,0.48890524,0.0
27 Dec 13 14:10,541.52,543.32493,1251.1896,0.48890524,0.0
27 Dec 13 14:20,535.32773,536.12,1251.1896,0.48890524,0.724
27 Dec 13 14:30,541.0,542.03403,862.2332,1.21317649,0.0
27 Dec 13 14:40,539.34734,540.0,862.2332,1.21317649,0.0
27 Dec 13 14:50,539.34734,540.0,862.2332,1.21317649,0.0
27 Dec 13 15:00,534.6,535.0,862.2332,1.21317649,0.0
27 Dec 13 15:10,530.12378,534.6,862.2332,1.21317649,0.0
27 Dec 13 15:20,530.12756,534.6999,862.2332,1.21317649,0.0
27 Dec 13 15:30,529.0,534.679,862.2332,1.21317649,0.0
27 Dec 13 15:40,533.0,534.6798,862.2332,1.21317649,0.0
27 Dec 13 15:50,528.0,528.645,862.2332,1.21317649,0.0
27 Dec 13 16:00,530.1717,532.82256,862.2332,1.21317649,0.0
27 Dec 13 16:10,533.0,534.0,862.2332,1.21317649,0.0
27 Dec 13 16:20,531.6,534.21619,862.2332,1.21317649,0.0
27 Dec 13 16:31,532.88465,534.6898,862.2332,1.21317649,0.0
27 Dec 13 16:41,534.18887,534.6898,862.2332,1.21317649,0.0
27 Dec 13 16:51,532.85871,534.6898,862.2332,1.21317649,0.0
27 Dec 13 17:01,533.6898,534.666,862.2332,1.21317649,0.0
27 Dec 13 17:11,539.0,539.92486,862.2332,1.21317649,0.0
27 Dec 13 17:21,536.0,538.57707,862.2332,1.21317649,0.0
27 Dec 13 17:31,534.56185,535.89758,862.2332,1.21317649,0.0
27 Dec 13 17:41,533.0,535.8936,862.2332,1.21317649,0.0
27 Dec 13 17:51,532.87865,535.54304,862.2332,1.21317649,0.0
27 Dec 13 18:01,532.0001,532.87865,862.2332,1.21317649,0.0
27 Dec 13 18:11,532.0,532.87865,862.2332,1.21317649,0.0
27 Dec 13 18:21,530.22356,532.22356,862.2332,1.21317649,0.0
27 Dec 13 18:31,530.22158,531.99,862.2332,1.21317649,0.0
27 Dec 13 18:41,528.1,531.54251,862.2332,1.21317649,0.0
27 Dec 13 18:51,527.215,528.8924,862.2332,1.21317649,0.0
27 Dec 13 19:01,527.215,528.8924,862.2332,1.21317649,0.0
27 Dec 13 19:11,525.0,526.0,862.2332,1.21317649,0.0
27 Dec 13 19:16,525.0,526.25913,862.2332,1.21317649,0.0
27 Dec 13 19:17,524.0,524.1,862.2332,1.21317649,0.692
27 Dec 13 19:27,527.57019,528.0,600.1259,1.71243692,0.0
27 Dec 13 19:37,525.0,525.06042,600.1259,1.71243692,0.0
27 Dec 13 19:47,524.88001,526.35246,600.1259,1.71243692,0.0
27 Dec 13 19:57,527.73146,530.35,600.1259,1.71243692,0.0
27 Dec 13 20:07,526.41607,527.73146,600.1259,1.71243692,0.0
27 Dec 13 20:18,530.0,530.5,600.1259,1.71243692,0.0
27 Dec 13 20:28,528.05,529.31889,600.1259,1.71243692,0.0
27 Dec 13 20:38,530.61173,533.26479,600.1259,1.71243692,0.0
27 Dec 13 20:48,529.28718,531.93362,600.1259,1.71243692,0.0
27 Dec 13 20:58,528.16849,530.60776,600.1259,1.71243692,0.0
27 Dec 13 21:08,529.0,530.60776,600.1259,1.71243692,0.0
27 Dec 13 21:18,527.96594,530.60577,600.1259,1.71243692,0.0
27 Dec 13 21:28,528.001,531.9,600.1259,1.71243692,0.0
27 Dec 13 21:38,527.96283,530.59265,600.1259,1.71243692,0.0
27 Dec 13 21:48,526.71,528.99,600.1259,1.71243692,0.0
27 Dec 13 21:58,526.71,528.9,600.1259,1.71243692,0.0
27 Dec 13 22:08,526.71,528.89,600.1259,1.71243692,0.0
27 Dec 13 22:18,526.7,528.86,600.1259,1.71243692,0.0
27 Dec 13 22:29,526.7,528.87,600.1259,1.71243692,0.0
27 Dec 13 22:39,529.28011,530.0,600.1259,1.71243692,0.0
27 Dec 13 22:49,529.0001,530.5967,600.1259,1.71243692,0.0
27 Dec 13 22:59,531.5967,533.84,600.1259,1.71243692,0.0
27 Dec 13 23:09,533.84,535.4,600.1259,1.71243692,0.0
27 Dec 13 23:19,534.16158,535.4,600.1259,1.71243692,0.0
27 Dec 13 23:29,535.4,535.499,600.1259,1.71243692,0.0
27 Dec 13 23:39,531.98,536.0,600.1259,1.71243692,0.0
27 Dec 13 23:49,532.79181,534.7665,600.1259,1.71243692,0.0
27 Dec 13 23:59,532.79181,534.7665,600.1259,1.71243692,0.0
28 Dec 13 00:09,534.12114,536.0,600.1259,1.71243692,0.0
28 Dec 13 00:19,536.0,536.89999,600.1259,1.71243692,0.0
28 Dec 13 00:29,536.0,536.89999,600.1259,1.71243692,0.0
28 Dec 13 00:39,536.0,536.89999,600.1259,1.71243692,0.0
28 Dec 13 00:49,531.92,534.11716,600.1259,1.71243692,0.0
28 Dec 13 00:59,534.11716,534.2,600.1259,1.71243692,0.0
28 Dec 13 01:09,532.78586,534.2,600.1259,1.71243692,0.0
28 Dec 13 01:19,532.78586,533.7,600.1259,1.71243692,0.0
28 Dec 13 01:30,532.78586,533.7,600.1259,1.71243692,0.0
28 Dec 13 01:40,531.6,534.11517,600.1259,1.71243692,0.0
28 Dec 13 01:50,531.6,534.0,600.1259,1.71243692,0.0
28 Dec 13 02:00,531.6,534.0,600.1259,1.71243692,0.0
28 Dec 13 02:10,531.6,534.0,600.1259,1.71243692,0.0
28 Dec 13 02:20,531.5967,533.99,600.1259,1.71243692,0.0
28 Dec 13 02:30,531.5967,533.5,600.1259,1.71243692,0.0
28 Dec 13 02:40,528.0,530.11464,600.1259,1.71243692,0.0
28 Dec 13 02:50,528.1,530.11464,600.1259,1.71243692,0.0
28 Dec 13 03:00,528.1,530.20512,600.1259,1.71243692,0.0
28 Dec 13 03:10,528.0,530.20512,600.1259,1.71243692,0.0
28 Dec 13 03:20,528.0,530.20512,600.1259,1.71243692,0.0
28 Dec 13 03:30,528.0,530.20512,600.1259,1.71243692,0.0
28 Dec 13 03:40,528.0,530.20512,600.1259,1.71243692,0.0
28 Dec 13 03:50,528.0,530.20512,600.1259,1.71243692,0.0
28 Dec 13 04:00,528.0,530.20512,600.1259,1.71243692,0.0
28 Dec 13 04:10,528.0,530.20512,600.1259,1.71243692,0.0
28 Dec 13 04:20,528.0,530.38616,600.1259,1.71243692,0.0
28 Dec 13 04:30,528.01,530.38616,600.1259,1.71243692,0.0
28 Dec 13 04:41,534.36603,534.68598,600.1259,1.71243692,0.0
28 Dec 13 04:51,529.05626,531.70155,600.1259,1.71243692,0.0
28 Dec 13 05:01,529.05626,531.70155,600.1259,1.71243692,0.0
28 Dec 13 05:11,531.70155,533.02815,600.1259,1.71243692,0.0
28 Dec 13 05:21,531.70155,533.03226,600.1259,1.71243692,0.0
28 Dec 13 05:31,531.70366,534.36218,600.1259,1.71243692,0.0
28 Dec 13 05:41,531.70155,533.03027,600.1259,1.71243692,0.0
28 Dec 13 05:51,530.37838,531.7,600.1259,1.71243692,0.0
28 Dec 13 06:01,530.37838,531.7,600.1259,1.71243692,0.0
28 Dec 13 06:11,530.37838,531.7,600.1259,1.71243692,0.0
28 Dec 13 06:21,530.37838,531.7,600.1259,1.71243692,0.0
28 Dec 13 06:31,530.37838,531.7,600.1259,1.71243692,0.0
28 Dec 13 06:41,530.37838,531.7,600.1259,1.71243692,0.0
28 Dec 13 06:51,531.70167,534.36018,600.1259,1.71243692,0.0
28 Dec 13 07:01,531.70167,534.36018,600.1259,1.71243692,0.0
28 Dec 13 07:11,534.36018,534.68598,600.1259,1.71243692,0.0
28 Dec 13 07:21,535.0,535.1,600.1259,1.71243692,0.0
28 Dec 13 07:31,535.0,535.1,600.1259,1.71243692,0.0
28 Dec 13 07:41,535.0,535.1,600.1259,1.71243692,0.0
28 Dec 13 07:51,535.0,535.1,600.1259,1.71243692,0.0
28 Dec 13 08:02,535.0,535.1,600.1259,1.71243692,0.0
28 Dec 13 08:12,535.0,535.1,600.1259,1.71243692,0.0
28 Dec 13 08:22,533.02631,534.7463,600.1259,1.71243692,0.0
28 Dec 13 08:32,533.00036,533.5,600.1259,1.71243692,0.0
28 Dec 13 08:42,528.08877,529.78771,600.1259,1.71243692,0.0
28 Dec 13 08:52,528.07877,529.78771,600.1259,1.71243692,0.0
28 Dec 13 09:02,536.37646,537.3,600.1259,1.71243692,0.0
28 Dec 13 09:12,531.2,533.68723,600.1259,1.71243692,0.0
28 Dec 13 09:22,531.5,533.68723,600.1259,1.71243692,0.0
28 Dec 13 09:32,537.66999,540.28,600.1259,1.71243692,0.0
28 Dec 13 09:42,539.00414,541.28,600.1259,1.71243692,-0.66
28 Dec 13 09:52,536.29443,538.9759,939.6928,1.08137451,0.0
28 Dec 13 10:02,537.0,538.3182,939.6928,1.08137451,0.0
28 Dec 13 10:12,537.0,538.3182,939.6928,1.08137451,0.0
28 Dec 13 10:22,536.97644,538.3162,939.6928,1.08137451,0.0
28 Dec 13 10:32,533.0,534.92979,939.6928,1.08137451,0.0
28 Dec 13 10:42,533.0,534.92979,939.6928,1.08137451,0.0
28 Dec 13 10:53,533.0,534.92979,939.6928,1.08137451,0.0
28 Dec 13 11:03,531.511,533.59647,939.6928,1.08137451,0.0
28 Dec 13 11:13,534.9278,536.26246,939.6928,1.08137451,0.0
28 Dec 13 11:23,536.25118,538.93243,939.6928,1.08137451,0.0
28 Dec 13 11:33,540.0,541.3,939.6928,1.08137451,0.0
28 Dec 13 11:43,536.22508,541.0,939.6928,1.08137451,0.0
28 Dec 13 11:53,536.22508,541.0,939.6928,1.08137451,0.0
28 Dec 13 12:03,536.24508,541.0,939.6928,1.08137451,0.0
28 Dec 13 12:13,536.23508,540.0,939.6928,1.08137451,0.0
28 Dec 13 12:23,538.1,540.0,939.6928,1.08137451,0.0
28 Dec 13 12:33,538.1,540.0,939.6928,1.08137451,0.0
28 Dec 13 12:43,536.3,540.99,939.6928,1.08137451,0.0
28 Dec 13 12:53,536.3,540.0,939.6928,1.08137451,0.0
28 Dec 13 13:03,536.3,540.0,939.6928,1.08137451,0.0
28 Dec 13 13:13,536.3,539.99999,939.6928,1.08137451,0.0
28 Dec 13 13:23,536.3,539.99999,939.6928,1.08137451,0.0
28 Dec 13 13:33,536.3,539.99999,939.6928,1.08137451,0.0
28 Dec 13 13:43,536.3,539.99998,939.6928,1.08137451,0.0
28 Dec 13 13:53,536.42645,539.10858,939.6928,1.08137451,0.0
28 Dec 13 14:03,537.76484,539.99865,939.6928,1.08137451,0.0
28 Dec 13 14:13,537.76484,539.99865,939.6928,1.08137451,0.0
28 Dec 13 14:24,537.76484,538.5,939.6928,1.08137451,0.0
28 Dec 13 14:34,536.36726,539.0,939.6928,1.08137451,0.0
28 Dec 13 14:44,539.0,539.99865,939.6928,1.08137451,0.0
28 Dec 13 14:54,539.0,539.98999,939.6928,1.08137451,0.0
28 Dec 13 15:04,537.7055,539.0,939.6928,1.08137451,0.0
28 Dec 13 15:14,538.0,538.9,939.6928,1.08137451,0.0
28 Dec 13 15:24,538.0,538.9,939.6928,1.08137451,0.0
28 Dec 13 15:34,536.36525,538.9,939.6928,1.08137451,0.0
28 Dec 13 15:44,536.36525,538.9,939.6928,1.08137451,0.0
28 Dec 13 15:54,536.36525,538.9,939.6928,1.08137451,0.0
28 Dec 13 16:04,536.36525,538.9,939.6928,1.08137451,0.0
28 Dec 13 16:14,536.36525,537.9,939.6928,1.08137451,0.0
28 Dec 13 16:24,535.0,536.0,939.6928,1.08137451,0.0
28 Dec 13 16:34,533.69479,535.0,939.6928,1.08137451,0.0
28 Dec 13 16:44,532.36455,533.69479,939.6928,1.08137451,0.0
28 Dec 13 16:54,533.01,533.69479,939.6928,1.08137451,0.0
28 Dec 13 17:04,533.66285,536.29,939.6928,1.08137451,0.0
28 Dec 13 17:14,531.01,533.66087,939.6928,1.08137451,0.0
28 Dec 13 17:24,532.33072,534.99237,939.6928,1.08137451,0.0
28 Dec 13 17:35,531.41,533.59,939.6928,1.08137451,0.0
28 Dec 13 17:45,525.3,527.03117,939.6928,1.08137451,0.664
28 Dec 13 17:55,529.99,530.0,589.0319,1.74559652,0.0
28 Dec 13 18:05,522.67757,525.0,589.0319,1.74559652,0.0
28 Dec 13 18:15,518.88,522.49,589.0319,1.74559652,0.0
28 Dec 13 18:25,521.5,523.18087,589.0319,1.74559652,0.0
28 Dec 13 18:35,525.00002,527.08762,589.0319,1.74559652,0.0
28 Dec 13 18:45,525.00002,526.93,589.0319,1.74559652,0.0
28 Dec 13 18:55,525.00002,526.88,589.0319,1.74559652,0.0
28 Dec 13 19:05,523.1779,525.78379,589.0319,1.74559652,0.0
28 Dec 13 19:15,525.02,525.77379,589.0319,1.74559652,0.0
28 Dec 13 19:25,529.69313,532.32404,589.0319,1.74559652,0.0
28 Dec 13 19:35,531.5,532.3475,589.0319,1.74559652,0.0
28 Dec 13 19:45,532.34552,534.89998,589.0319,1.74559652,0.0
28 Dec 13 19:55,533.67373,535.9,589.0319,1.74559652,0.0
28 Dec 13 20:05,529.69112,531.0,589.0319,1.74559652,0.0
28 Dec 13 20:15,531.0,531.00001,589.0319,1.74559652,0.0
28 Dec 13 20:25,529.69112,531.0,589.0319,1.74559652,0.0
28 Dec 13 20:36,532.33958,532.37283,589.0319,1.74559652,0.0
28 Dec 13 20:46,531.0127,532.33958,589.0319,1.74559652,0.0
28 Dec 13 20:56,529.68914,532.15,589.0319,1.74559652,0.0
28 Dec 13 21:06,529.68914,532.15,589.0319,1.74559652,0.0
28 Dec 13 21:16,529.68914,532.15,589.0319,1.74559652,0.0
28 Dec 13 21:26,529.69914,530.0,589.0319,1.74559652,0.0
28 Dec 13 21:36,533.156,534.94839,589.0319,1.74559652,0.0
28 Dec 13 21:46,530.97153,533.29165,589.0319,1.74559652,0.0
28 Dec 13 21:56,529.64807,532.0,589.0319,1.74559652,0.0
28 Dec 13 22:06,529.64807,532.0,589.0319,1.74559652,0.0
28 Dec 13 22:16,530.33312,532.9,589.0319,1.74559652,0.0
28 Dec 13 22:26,528.22,530.31257,589.0319,1.74559652,0.0
28 Dec 13 22:36,528.3,530.31257,589.0319,1.74559652,0.0
28 Dec 13 22:46,531.6457,533.29165,589.0319,1.74559652,0.0
28 Dec 13 22:56,531.63372,533.29,589.0319,1.74559652,0.0
28 Dec 13 23:06,531.63372,533.29,589.0319,1.74559652,0.0
28 Dec 13 23:16,531.63372,533.29,589.0319,1.74559652,0.0
28 Dec 13 23:26,531.63372,533.29,589.0319,1.74559652,0.0
28 Dec 13 23:36,531.63372,532.9,589.0319,1.74559652,0.0
28 Dec 13 23:46,531.63372,533.0,589.0319,1.74559652,0.0
28 Dec 13 23:56,531.63372,533.0,589.0319,1.74559652,0.0
29 Dec 13 00:07,532.0,533.0,589.0319,1.74559652,0.0
29 Dec 13 00:17,532.0,533.999,589.0319,1.74559652,0.0
29 Dec 13 00:27,532.02,533.4,589.0319,1.74559652,0.0
29 Dec 13 00:37,532.0,533.0,589.0319,1.74559652,0.0
29 Dec 13 00:47,532.1,533.0,589.0319,1.74559652,0.0
29 Dec 13 00:57,532.1,533.0,589.0319,1.74559652,0.0
29 Dec 13 01:07,532.0,533.0,589.0319,1.74559652,0.0
29 Dec 13 01:17,532.01,533.0,589.0319,1.74559652,0.0
29 Dec 13 01:27,532.0,533.0,589.0319,1.74559652,0.0
29 Dec 13 01:37,532.01,533.0,589.0319,1.74559652,0.0
29 Dec 13 01:47,532.0,533.0,589.0319,1.74559652,0.0
29 Dec 13 01:57,531.63372,532.0,589.0319,1.74559652,0.0
29 Dec 13 02:07,530.0,530.30861,589.0319,1.74559652,0.0
29 Dec 13 02:17,530.0,530.30861,589.0319,1.74559652,0.0
29 Dec 13 02:27,530.0,531.63175,589.0319,1.74559652,0.0
29 Dec 13 02:37,530.0,531.63175,589.0319,1.74559652,0.0
29 Dec 13 02:47,530.0,531.63175,589.0319,1.74559652,0.0
29 Dec 13 02:58,530.0,531.63175,589.0319,1.74559652,0.0
29 Dec 13 03:08,530.0,531.63175,589.0319,1.74559652,0.0
29 Dec 13 03:18,530.0,531.63175,589.0319,1.74559652,0.0
29 Dec 13 03:28,530.1,531.63175,589.0319,1.74559652,0.0
29 Dec 13 03:38,531.0,531.63175,589.0319,1.74559652,0.0
29 Dec 13 03:48,530.30664,532.89,589.0319,1.74559652,0.0
29 Dec 13 03:58,530.30664,532.88,589.0319,1.74559652,0.0
29 Dec 13 04:08,530.30664,532.89,589.0319,1.74559652,0.0
29 Dec 13 04:18,529.0,529.99,589.0319,1.74559652,0.0
29 Dec 13 04:28,529.0,529.99,589.0319,1.74559652,0.0
29 Dec 13 04:38,529.0,529.99,589.0319,1.74559652,0.0
29 Dec 13 04:48,529.0,529.98,589.0319,1.74559652,0.0
29 Dec 13 04:58,529.0,529.99,589.0319,1.74559652,0.0
29 Dec 13 05:08,530.30664,531.62977,589.0319,1.74559652,0.0
29 Dec 13 05:18,525.00004,527.23357,589.0319,1.74559652,0.0
29 Dec 13 05:29,527.23357,529.04183,589.0319,1.74559652,0.0
29 Dec 13 05:39,527.23357,529.04183,589.0319,1.74559652,0.0
29 Dec 13 05:49,528.95915,531.59395,589.0319,1.74559652,0.0
29 Dec 13 05:59,528.95915,531.49,589.0319,1.74559652,0.0
29 Dec 13 06:09,528.95915,531.5,589.0319,1.74559652,0.0
29 Dec 13 06:19,527.64071,530.27891,589.0319,1.74559652,0.0
29 Dec 13 06:29,527.64071,530.2,589.0319,1.74559652,0.0
29 Dec 13 06:39,527.64071,530.2,589.0319,1.74559652,0.0
29 Dec 13 06:49,527.64071,530.0,589.0319,1.74559652,0.0
29 Dec 13 06:59,527.64071,530.0,589.0319,1.74559652,0.0
29 Dec 13 07:09,527.64071,530.0,589.0319,1.74559652,0.0
29 Dec 13 07:19,527.64071,530.0,589.0319,1.74559652,0.0
29 Dec 13 07:29,527.64071,529.999,589.0319,1.74559652,0.0
29 Dec 13 07:39,527.64071,529.999,589.0319,1.74559652,0.0
29 Dec 13 07:49,528.0,528.95718,589.0319,1.74559652,0.0
29 Dec 13 07:59,528.95718,530.0,589.0319,1.74559652,0.0
29 Dec 13 08:10,528.95718,530.0,589.0319,1.74559652,0.0
29 Dec 13 08:20,528.99,531.5,589.0319,1.74559652,0.0
29 Dec 13 08:30,528.95718,531.5,589.0319,1.74559652,0.0
29 Dec 13 08:40,529.0,530.0,589.0319,1.74559652,0.0
29 Dec 13 08:50,528.95718,531.5,589.0319,1.74559652,0.0
29 Dec 13 09:00,530.26621,532.91754,589.0319,1.74559652,0.0
29 Dec 13 09:10,531.56663,532.0,589.0319,1.74559652,0.0
29 Dec 13 09:20,531.56663,531.999,589.0319,1.74559652,0.0
29 Dec 13 09:30,531.56663,531.999,589.0319,1.74559652,0.0
29 Dec 13 09:40,528.91809,531.56268,589.0319,1.74559652,0.0
29 Dec 13 09:50,528.91809,531.56268,589.0319,1.74559652,0.0
29 Dec 13 10:00,528.90821,531.55274,589.0319,1.74559652,0.0
29 Dec 13 10:10,527.58201,530.0,589.0319,1.74559652,0.0
29 Dec 13 10:20,528.89113,529.9999,589.0319,1.74559652,0.0
29 Dec 13 10:30,529.29,530.21072,589.0319,1.74559652,0.0
29 Dec 13 10:40,529.29,530.62884,589.0319,1.74559652,0.0
29 Dec 13 10:50,529.30624,531.0,589.0319,1.74559652,0.0
29 Dec 13 11:01,529.30624,531.0,589.0319,1.74559652,0.0
29 Dec 13 11:11,530.0,531.0,589.0319,1.74559652,0.0
29 Dec 13 11:21,530.0,531.0,589.0319,1.74559652,0.0
29 Dec 13 11:31,530.0,531.5,589.0319,1.74559652,0.0
29 Dec 13 11:41,530.0,531.0,589.0319,1.74559652,0.0
29 Dec 13 11:51,529.57534,531.0,589.0319,1.74559652,0.0
29 Dec 13 12:01,527.00001,530.9999,589.0319,1.74559652,0.0
29 Dec 13 12:11,530.0,530.997,589.0319,1.74559652,0.0
29 Dec 13 12:21,527.34499,529.8949,589.0319,1.74559652,0.0
29 Dec 13 12:31,527.25861,529.8949,589.0319,1.74559652,0.0
29 Dec 13 12:41,528.02,529.8949,589.0319,1.74559652,0.0
29 Dec 13 12:51,528.02,529.8949,589.0319,1.74559652,0.0
29 Dec 13 13:01,529.8949,530.02,589.0319,1.74559652,0.0
29 Dec 13 13:11,528.57412,529.0,589.0319,1.74559652,0.0
29 Dec 13 13:21,528.03,528.57412,589.0319,1.74559652,0.0
29 Dec 13 13:31,528.01,528.57412,589.0319,1.74559652,0.0
29 Dec 13 13:41,528.01,528.57412,589.0319,1.74559652,0.0
29 Dec 13 13:51,528.2,528.57412,589.0319,1.74559652,0.0
29 Dec 13 14:01,527.25466,527.25664,589.0319,1.74559652,0.0
29 Dec 13 14:12,525.51,527.25073,589.0319,1.74559652,0.0
29 Dec 13 14:22,525.10115,527.25073,589.0319,1.74559652,0.0
29 Dec 13 14:32,525.93654,527.25664,589.0319,1.74559652,0.0
29 Dec 13 14:42,525.93654,527.25664,589.0319,1.74559652,0.0
29 Dec 13 14:52,525.94654,527.25664,589.0319,1.74559652,0.0
29 Dec 13 15:02,525.93654,527.25664,589.0319,1.74559652,0.0
29 Dec 13 15:12,525.0,525.93653,589.0319,1.74559652,0.0
29 Dec 13 15:22,525.11,525.93654,589.0319,1.74559652,0.0
29 Dec 13 15:32,525.43654,525.93654,589.0319,1.74559652,0.0
29 Dec 13 15:42,525.94654,527.24876,589.0319,1.74559652,0.0
29 Dec 13 15:52,527.25876,527.93654,589.0319,1.74559652,0.0
29 Dec 13 16:02,527.24876,527.93653,589.0319,1.74559652,0.0
29 Dec 13 16:12,525.94654,527.93653,589.0319,1.74559652,0.0
29 Dec 13 16:22,526.01,527.99,589.0319,1.74559652,0.0
29 Dec 13 16:32,525.94654,527.99,589.0319,1.74559652,0.0
29 Dec 13 16:42,526.02,527.99,589.0319,1.74559652,0.0
29 Dec 13 16:52,526.01,527.99,589.0319,1.74559652,0.0
29 Dec 13 17:03,526.01,527.98,589.0319,1.74559652,0.0
29 Dec 13 17:13,526.11,527.98,589.0319,1.74559652,0.0
29 Dec 13 17:23,527.24679,529.8,589.0319,1.74559652,0.0
29 Dec 13 17:33,528.1,529.7,589.0319,1.74559652,0.0
29 Dec 13 17:43,529.7,529.8,589.0319,1.74559652,0.0
29 Dec 13 17:53,528.0,529.8,589.0319,1.74559652,0.0
29 Dec 13 18:03,526.005,528.56227,589.0319,1.74559652,0.0
29 Dec 13 18:13,526.006,528.56227,589.0319,1.74559652,0.0
29 Dec 13 18:23,528.56029,530.0,589.0319,1.74559652,0.0
29 Dec 13 18:33,527.24285,528.56029,589.0319,1.74559652,0.0
29 Dec 13 18:43,526.0071,528.55832,589.0319,1.74559652,0.0
29 Dec 13 18:53,527.24088,528.55,589.0319,1.74559652,0.0
29 Dec 13 19:03,526.00006,528.55,589.0319,1.74559652,0.0
29 Dec 13 19:13,527.0,528.0,589.0319,1.74559652,0.0
29 Dec 13 19:23,527.1,528.55,589.0319,1.74559652,0.0
29 Dec 13 19:26,527.1,528.55,589.0319,1.74559652,0.0
29 Dec 13 19:36,527.0,528.55,589.0319,1.74559652,0.0
29 Dec 13 19:46,527.0,528.55,589.0319,1.74559652,0.0
29 Dec 13 19:56,528.0,528.55,589.0319,1.74559652,0.0
29 Dec 13 20:06,527.11,528.0,589.0319,1.74559652,0.0
29 Dec 13 20:16,528.02,528.55,589.0319,1.74559652,0.0
29 Dec 13 20:26,527.01,529.45748,589.0319,1.74559652,0.0
29 Dec 13 20:37,527.12,529.0,589.0319,1.74559652,0.0
29 Dec 13 20:47,528.1578,530.0,589.0319,1.74559652,0.0
29 Dec 13 20:57,528.22,529.9,589.0319,1.74559652,0.0
29 Dec 13 21:07,529.88168,529.9,589.0319,1.74559652,0.0
29 Dec 13 21:17,530.02,531.0,589.0319,1.74559652,0.0
29 Dec 13 21:27,533.4351,536.09223,589.0319,1.74559652,0.0
29 Dec 13 21:37,535.01,536.0,589.0319,1.74559652,0.0
29 Dec 13 21:47,537.51,538.0,589.0319,1.74559652,0.0
29 Dec 13 21:57,534.75202,537.42578,589.0319,1.74559652,0.0
29 Dec 13 22:07,537.43578,537.51,589.0319,1.74559652,0.0
29 Dec 13 22:17,534.76003,535.99,589.0319,1.74559652,0.0
29 Dec 13 22:27,533.44,535.99,589.0319,1.74559652,0.0
29 Dec 13 22:37,535.0,537.42178,589.0319,1.74559652,0.0
29 Dec 13 22:47,535.02,536.05,589.0319,1.74559652,0.0
29 Dec 13 22:57,537.58671,537.9,589.0319,1.74559652,0.0
29 Dec 13 23:08,537.41778,539.9,589.0319,1.74559652,0.0
29 Dec 13 23:18,537.41778,539.69,589.0319,1.74559652,0.0
29 Dec 13 23:28,535.0,536.14559,589.0319,1.74559652,0.0
29 Dec 13 23:38,533.6,534.85,589.0319,1.74559652,0.0
29 Dec 13 23:48,536.59999,536.6,589.0319,1.74559652,0.0
29 Dec 13 23:58,535.35,536.55,589.0319,1.74559652,0.0
30 Dec 13 00:08,535.35,536.67059,589.0319,1.74559652,0.0
30 Dec 13 00:18,536.67059,536.99999,589.0319,1.74559652,0.0
30 Dec 13 00:28,536.95,538.0,589.0319,1.74559652,0.0
30 Dec 13 00:38,536.6666,538.99,589.0319,1.74559652,0.0
30 Dec 13 00:48,536.6646,538.0,589.0319,1.74559652,0.0
30 Dec 13 00:58,535.00001,535.3,589.0319,1.74559652,0.0
30 Dec 13 01:08,535.00001,537.7,589.0319,1.74559652,0.0
30 Dec 13 01:18,535.00001,536.0,589.0319,1.74559652,0.0
30 Dec 13 01:28,535.00001,536.99,589.0319,1.74559652,0.0
30 Dec 13 01:39,535.1,536.99,589.0319,1.74559652,0.0
30 Dec 13 01:49,535.00001,536.97001,589.0319,1.74559652,0.0
30 Dec 13 01:59,536.95,536.99,589.0319,1.74559652,0.0
30 Dec 13 02:09,534.80001,538.0,589.0319,1.74559652,0.0
30 Dec 13 02:19,534.80001,537.9999,589.0319,1.74559652,0.0
30 Dec 13 02:29,534.80001,537.9999,589.0319,1.74559652,0.0
30 Dec 13 02:39,534.80001,537.9999,589.0319,1.74559652,0.0
30 Dec 13 02:49,533.53302,537.9999,589.0319,1.74559652,0.0
30 Dec 13 02:59,535.32499,538.00162,589.0319,1.74559652,0.0
30 Dec 13 03:09,539.88935,539.95,589.0319,1.74559652,0.0
30 Dec 13 03:19,539.88935,539.95,589.0319,1.74559652,0.0
30 Dec 13 03:29,535.32901,537.9956,589.0319,1.74559652,0.0
30 Dec 13 03:39,537.9956,538.62555,589.0319,1.74559652,0.0
30 Dec 13 03:49,535.31565,537.99,589.0319,1.74559652,0.0
30 Dec 13 03:59,535.31565,537.98,589.0319,1.74559652,0.0
30 Dec 13 04:09,535.31365,537.99022,589.0319,1.74559652,0.0
30 Dec 13 04:19,537.9829,539.95,589.0319,1.74559652,0.0
30 Dec 13 04:29,537.9829,540.0,589.0319,1.74559652,0.0
30 Dec 13 04:39,534.49863,537.17112,589.0319,1.74559652,0.0
30 Dec 13 04:50,534.49863,537.17112,589.0319,1.74559652,0.0
30 Dec 13 05:00,534.5,537.17112,589.0319,1.74559652,0.0
30 Dec 13 05:10,537.0,537.17112,589.0319,1.74559652,0.0
30 Dec 13 05:20,537.0,537.17112,589.0319,1.74559652,0.0
30 Dec 13 05:30,537.0,537.17112,589.0319,1.74559652,0.0
30 Dec 13 05:40,537.0,537.17112,589.0319,1.74559652,0.0
30 Dec 13 05:50,537.1,537.17112,589.0319,1.74559652,0.0
30 Dec 13 06:00,537.1,537.17112,589.0319,1.74559652,0.0
30 Dec 13 06:10,538.51137,539.35,589.0319,1.74559652,0.0
30 Dec 13 06:20,538.51137,539.35,589.0319,1.74559652,0.0
30 Dec 13 06:30,538.51137,539.35,589.0319,1.74559652,0.0
30 Dec 13 06:40,537.0,538.50937,589.0319,1.74559652,0.0
30 Dec 13 06:50,537.0,538.50937,589.0319,1.74559652,0.0
30 Dec 13 07:00,537.0,538.5,589.0319,1.74559652,0.0
30 Dec 13 07:10,537.0,538.5,589.0319,1.74559652,0.0
30 Dec 13 07:20,535.83022,538.5,589.0319,1.74559652,0.0
30 Dec 13 07:30,535.5,537.16712,589.0319,1.74559652,0.0
30 Dec 13 07:40,535.5,537.16712,589.0319,1.74559652,0.0
30 Dec 13 07:50,535.5,537.16712,589.0319,1.74559652,0.0
30 Dec 13 07:54,535.5,537.16712,589.0319,1.74559652,0.0
30 Dec 13 08:04,535.5,537.16712,589.0319,1.74559652,0.0
30 Dec 13 08:14,535.5,537.16712,589.0319,1.74559652,0.0
30 Dec 13 08:24,535.5,537.16712,589.0319,1.74559652,0.0
30 Dec 13 08:35,535.5,537.16712,589.0319,1.74559652,0.0
30 Dec 13 08:45,533.20001,535.82822,589.0319,1.74559652,0.0
30 Dec 13 08:55,538.08368,538.1,589.0319,1.74559652,-1.008
30 Dec 13 09:05,537.5,538.08368,915.1869,1.13842271,0.0
30 Dec 13 09:15,535.40464,537.0,915.1869,1.13842271,0.0
30 Dec 13 09:25,534.0055,535.40265,915.1869,1.13842271,0.0
30 Dec 13 09:35,535.40065,537.0,915.1869,1.13842271,0.0
30 Dec 13 09:45,534.48369,537.15611,915.1869,1.13842271,0.0
30 Dec 13 09:55,537.15412,537.9,915.1869,1.13842271,0.0
30 Dec 13 10:05,535.39711,537.9,915.1869,1.13842271,0.0
30 Dec 13 10:15,535.39711,537.89,915.1869,1.13842271,0.0
30 Dec 13 10:25,534.48016,536.999,915.1869,1.13842271,0.0
30 Dec 13 10:35,535.80205,539.0,915.1869,1.13842271,0.0
30 Dec 13 10:45,535.80205,538.80205,915.1869,1.13842271,0.0
30 Dec 13 10:55,535.80205,538.489,915.1869,1.13842271,0.0
30 Dec 13 11:05,535.6,535.8,915.1869,1.13842271,0.0
30 Dec 13 11:15,534.2,534.42921,915.1869,1.13842271,0.0
30 Dec 13 11:25,538.0,538.489,915.1869,1.13842271,0.0
30 Dec 13 11:35,537.12243,538.0,915.1869,1.13842271,0.0
30 Dec 13 11:46,535.0,535.78364,915.1869,1.13842271,0.0
30 Dec 13 11:56,537.11312,538.489,915.1869,1.13842271,0.0
30 Dec 13 12:06,537.11112,538.0,915.1869,1.13842271,0.0
30 Dec 13 12:16,538.5,539.0,915.1869,1.13842271,0.0
30 Dec 13 12:26,537.10912,538.0,915.1869,1.13842271,0.0
30 Dec 13 12:36,540.0,540.44,915.1869,1.13842271,0.0
30 Dec 13 12:46,539.0,539.9972,915.1869,1.13842271,0.0
30 Dec 13 12:56,537.2,539.79063,915.1869,1.13842271,0.0
30 Dec 13 13:06,537.2,537.9,915.1869,1.13842271,0.0
30 Dec 13 13:16,537.2,539.75,915.1869,1.13842271,0.0
30 Dec 13 13:26,539.75,539.78861,915.1869,1.13842271,0.0
30 Dec 13 13:36,540.0,540.35,915.1869,1.13842271,0.0
30 Dec 13 13:46,541.13539,541.3,915.1869,1.13842271,0.0
30 Dec 13 13:56,541.5,543.0,915.1869,1.13842271,-0.776
30 Dec 13 14:06,543.0,543.49,1334.6911,0.36239577,0.0
30 Dec 13 14:16,539.78861,540.0,1334.6911,0.36239577,0.0
30 Dec 13 14:26,540.01,541.9,1334.6911,0.36239577,0.0
30 Dec 13 14:36,540.0,541.0,1334.6911,0.36239577,0.0
30 Dec 13 14:46,540.0,541.0,1334.6911,0.36239577,0.0
30 Dec 13 14:56,540.0,541.89,1334.6911,0.36239577,0.0
30 Dec 13 15:06,539.78861,540.0,1334.6911,0.36239577,0.0
30 Dec 13 15:17,535.76834,537.5,1334.6911,0.36239577,0.0
30 Dec 13 15:27,537.09507,538.99,1334.6911,0.36239577,0.0
30 Dec 13 15:37,537.09507,538.99,1334.6911,0.36239577,0.0
30 Dec 13 15:47,537.09507,538.99,1334.6911,0.36239577,0.0
30 Dec 13 15:57,537.09507,538.99,1334.6911,0.36239577,0.0
30 Dec 13 16:07,538.5,538.99,1334.6911,0.36239577,0.0
30 Dec 13 16:17,537.09307,538.43513,1334.6911,0.36239577,0.0
30 Dec 13 16:27,537.09307,538.43513,1334.6911,0.36239577,0.0
30 Dec 13 16:37,538.43513,538.99,1334.6911,0.36239577,0.0
30 Dec 13 16:47,538.99,539.77853,1334.6911,0.36239577,0.0
30 Dec 13 16:57,538.99,539.77853,1334.6911,0.36239577,0.0
30 Dec 13 17:07,537.09107,538.99,1334.6911,0.36239577,0.0
30 Dec 13 17:17,538.43112,539.5,1334.6911,0.36239577,0.0
30 Dec 13 17:27,537.5,538.5,1334.6911,0.36239577,0.0
30 Dec 13 17:37,539.0,540.0,1334.6911,0.36239577,0.0
30 Dec 13 17:47,538.42911,540.0,1334.6911,0.36239577,0.0
30 Dec 13 17:57,538.42911,540.0,1334.6911,0.36239577,0.0
30 Dec 13 18:07,538.42911,540.0,1334.6911,0.36239577,0.0
30 Dec 13 18:17,538.42911,540.0,1334.6911,0.36239577,0.0
30 Dec 13 18:27,538.42911,540.0,1334.6911,0.36239577,0.0
30 Dec 13 18:28,538.42911,540.0,1334.6911,0.36239577,0.0
30 Dec 13 18:38,540.0,540.49999,1334.6911,0.36239577,0.0
30 Dec 13 18:48,540.0,540.98,1334.6911,0.36239577,0.0
30 Dec 13 18:58,540.0,541.89,1334.6911,0.36239577,0.0
30 Dec 13 19:08,540.0,541.8,1334.6911,0.36239577,0.0
30 Dec 13 19:19,540.0,541.0,1334.6911,0.36239577,0.0
30 Dec 13 19:29,540.0,541.0,1334.6911,0.36239577,0.0
30 Dec 13 19:39,538.43511,541.0,1334.6911,0.36239577,0.0
30 Dec 13 19:49,541.0,541.8,1334.6911,0.36239577,0.0
30 Dec 13 19:59,538.42308,541.1152,1334.6911,0.36239577,0.0
30 Dec 13 20:09,541.5,541.8,1334.6911,0.36239577,0.0
30 Dec 13 20:19,539.5,541.1,1334.6911,0.36239577,0.0
30 Dec 13 20:29,537.5,538.42108,1334.6911,0.36239577,0.0
30 Dec 13 20:39,540.10549,541.95,1334.6911,0.36239577,0.0
30 Dec 13 20:49,540.10549,541.94999,1334.6911,0.36239577,0.0
30 Dec 13 20:59,540.10549,541.95,1334.6911,0.36239577,0.0
30 Dec 13 21:09,540.6,541.95,1334.6911,0.36239577,0.0
30 Dec 13 21:19,540.6,541.9932,1334.6911,0.36239577,0.0
30 Dec 13 21:29,540.6,542.80398,1334.6911,0.36239577,0.0
30 Dec 13 21:39,540.6,542.80398,1334.6911,0.36239577,0.0
30 Dec 13 21:49,541.45104,542.99998,1334.6911,0.36239577,0.0
30 Dec 13 21:59,540.6,542.99,1334.6911,0.36239577,0.0
30 Dec 13 22:09,540.6,542.99998,1334.6911,0.36239577,0.0
30 Dec 13 22:19,540.6,542.99999,1334.6911,0.36239577,0.0
30 Dec 13 22:30,540.6,542.98999,1334.6911,0.36239577,0.0
30 Dec 13 22:40,540.6,541.5,1334.6911,0.36239577,0.0
30 Dec 13 22:50,540.6,541.5,1334.6911,0.36239577,0.0
30 Dec 13 23:00,540.62,541.5,1334.6911,0.36239577,0.0
30 Dec 13 23:10,540.0,541.86516,1334.6911,0.36239577,0.0
30 Dec 13 23:20,540.0,540.54,1334.6911,0.36239577,0.0
30 Dec 13 23:30,540.01,540.54,1334.6911,0.36239577,0.0
30 Dec 13 23:40,540.0,540.01,1334.6911,0.36239577,0.0
30 Dec 13 23:50,540.0,540.01,1334.6911,0.36239577,0.0
31 Dec 13 00:00,540.0,540.54,1334.6911,0.36239577,0.0
31 Dec 13 00:10,540.5,541.86516,1334.6911,0.36239577,0.0
31 Dec 13 00:20,540.51252,542.5,1334.6911,0.36239577,0.0
31 Dec 13 00:30,540.51252,542.0,1334.6911,0.36239577,0.0
31 Dec 13 00:40,539.88,541.86111,1334.6911,0.36239577,0.0
31 Dec 13 00:50,541.0,542.5,1334.6911,0.36239577,0.0
31 Dec 13 01:00,541.0,542.5,1334.6911,0.36239577,0.0
31 Dec 13 01:10,541.0,542.5,1334.6911,0.36239577,0.0
31 Dec 13 01:20,541.0,542.49,1334.6911,0.36239577,0.0
31 Dec 13 01:30,539.88,540.29134,1334.6911,0.36239577,0.0
31 Dec 13 01:40,539.88,540.29134,1334.6911,0.36239577,0.0
31 Dec 13 01:50,539.1,540.28134,1334.6911,0.36239577,0.0
31 Dec 13 02:00,538.00142,540.27932,1334.6911,0.36239577,0.0
31 Dec 13 02:10,538.00142,540.28932,1334.6911,0.36239577,0.0
31 Dec 13 02:21,540.0,541.0,1334.6911,0.36239577,0.0
31 Dec 13 02:31,538.94263,541.61734,1334.6911,0.36239577,0.0
31 Dec 13 02:41,538.00142,538.94263,1334.6911,0.36239577,0.0
31 Dec 13 02:51,538.00142,540.2773,1334.6911,0.36239577,0.0
31 Dec 13 03:01,538.00142,540.2873,1334.6911,0.36239577,0.0
31 Dec 13 03:11,538.00142,540.2773,1334.6911,0.36239577,0.0
31 Dec 13 03:21,538.00142,540.2773,1334.6911,0.36239577,0.0
31 Dec 13 03:31,538.00142,540.2673,1334.6911,0.36239577,0.0
31 Dec 13 03:41,538.00142,540.2673,1334.6911,0.36239577,0.0
31 Dec 13 03:51,538.00142,540.2673,1334.6911,0.36239577,0.0
31 Dec 13 04:01,538.00142,540.2673,1334.6911,0.36239577,0.0
31 Dec 13 04:11,538.00142,540.2573,1334.6911,0.36239577,0.0
31 Dec 13 04:21,538.00001,540.2673,1334.6911,0.36239577,0.0
31 Dec 13 04:31,538.0,540.2773,1334.6911,0.36239577,0.0
31 Dec 13 04:41,538.0,540.2673,1334.6911,0.36239577,0.0
31 Dec 13 04:51,538.0,540.2773,1334.6911,0.36239577,0.0
31 Dec 13 05:01,540.2773,540.2873,1334.6911,0.36239577,0.0
31 Dec 13 05:11,537.5993,540.2673,1334.6911,0.36239577,0.0
31 Dec 13 05:22,537.1049,538.92062,1334.6911,0.36239577,0.0
31 Dec 13 05:32,535.489,537.5973,1334.6911,0.36239577,0.0
31 Dec 13 05:42,535.489,537.5973,1334.6911,0.36239577,0.0
31 Dec 13 05:52,535.489,537.5973,1334.6911,0.36239577,0.0
31 Dec 13 06:02,538.93329,540.99,1334.6911,0.36239577,0.0
31 Dec 13 06:12,537.15,538.93128,1334.6911,0.36239577,0.0
31 Dec 13 06:22,535.489,537.92722,1334.6911,0.36239577,0.0
31 Dec 13 06:32,535.489,537.92722,1334.6911,0.36239577,0.0
31 Dec 13 06:42,538.0,539.99999,1334.6911,0.36239577,0.0
31 Dec 13 06:52,537.92522,539.99999,1334.6911,0.36239577,0.0
31 Dec 13 07:02,539.99999,540.61485,1334.6911,0.36239577,0.0
31 Dec 13 07:12,539.99999,540.61485,1334.6911,0.36239577,0.0
31 Dec 13 07:22,539.99999,540.60485,1334.6911,0.36239577,0.0
31 Dec 13 07:32,540.60485,540.61284,1334.6911,0.36239577,0.0
31 Dec 13 07:42,537.92322,540.60284,1334.6911,0.36239577,0.0
31 Dec 13 07:53,537.92322,540.57,1334.6911,0.36239577,0.0
31 Dec 13 08:03,537.92322,540.54,1334.6911,0.36239577,0.0
31 Dec 13 08:13,537.92322,540.56,1334.6911,0.36239577,0.0
31 Dec 13 08:23,537.1,539.26535,1334.6911,0.36239577,0.0
31 Dec 13 08:33,537.15,539.26334,1334.6911,0.36239577,0.0
31 Dec 13 08:43,537.15,539.25931,1334.6911,0.36239577,0.0
31 Dec 13 08:53,535.53,537.9152,1334.6911,0.36239577,0.0
31 Dec 13 09:03,537.0,539.25731,1334.6911,0.36239577,0.0
31 Dec 13 09:13,537.91319,539.89292,1334.6911,0.36239577,0.0
31 Dec 13 09:23,537.91319,539.89999,1334.6911,0.36239577,0.0
31 Dec 13 09:33,537.93,539.88,1334.6911,0.36239577,0.0
31 Dec 13 09:43,539.89999,539.94318,1334.6911,0.36239577,0.0
31 Dec 13 09:53,537.93,539.88,1334.6911,0.36239577,0.0
31 Dec 13 10:03,537.93,539.88,1334.6911,0.36239577,0.0
31 Dec 13 10:13,537.93,539.99,1334.6911,0.36239577,0.0
31 Dec 13 10:23,537.93,539.99,1334.6911,0.36239577,0.0
31 Dec 13 10:33,539.979,539.99,1334.6911,0.36239577,0.0
31 Dec 13 10:46,539.979,539.99,1334.6911,0.36239577,0.0
31 Dec 13 10:56,538.0,539.98999,1334.6911,0.36239577,0.0
31 Dec 13 11:06,538.0,540.60276,1334.6911,0.36239577,0.0
31 Dec 13 11:16,539.20659,541.49999,1334.6911,0.36239577,0.0
31 Dec 13 11:26,538.01,539.20659,1334.6911,0.36239577,0.0
31 Dec 13 11:36,537.9,540.5,1334.6911,0.36239577,0.0
31 Dec 13 11:46,537.86059,539.99998,1334.6911,0.36239577,0.0
31 Dec 13 11:56,537.5,537.86059,1334.6911,0.36239577,0.0
31 Dec 13 12:06,537.86057,539.20256,1334.6911,0.36239577,0.0
31 Dec 13 12:16,537.05,539.20055,1334.6911,0.36239577,0.0
31 Dec 13 12:26,536.9,537.0,1334.6911,0.36239577,0.0
31 Dec 13 12:36,535.6,537.85257,1334.6911,0.36239577,0.0
31 Dec 13 12:46,536.6,537.5,1334.6911,0.36239577,0.0
31 Dec 13 12:56,536.5,538.89,1334.6911,0.36239577,0.0
31 Dec 13 13:28,539.9,539.99,1334.6911,0.36239577,0.0
31 Dec 13 13:38,538.0,539.9,1334.6911,0.36239577,0.0
31 Dec 13 13:48,537.9,539.9,1334.6911,0.36239577,0.0
31 Dec 13 13:58,539.2,539.98,1334.6911,0.36239577,0.0
31 Dec 13 14:08,539.2,539.89,1334.6911,0.36239577,0.0
31 Dec 13 14:18,537.9,539.8,1334.6911,0.36239577,0.0
31 Dec 13 14:28,538.0,539.88998,1334.6911,0.36239577,0.0
31 Dec 13 14:38,535.14916,538.0,1334.6911,0.36239577,0.0
31 Dec 13 14:48,535.21,538.47504,1334.6911,0.36239577,0.0
31 Dec 13 14:58,538.47504,538.9979,1334.6911,0.36239577,0.0
31 Dec 13 15:08,538.5,539.0,1334.6911,0.36239577,0.0
31 Dec 13 15:18,538.47504,538.9999,1334.6911,0.36239577,0.0
31 Dec 13 15:28,537.0,538.0,1334.6911,0.36239577,0.0
31 Dec 13 15:38,538.5,539.0,1334.6911,0.36239577,0.0
31 Dec 13 15:49,539.7924,539.87,1334.6911,0.36239577,0.0
31 Dec 13 15:59,539.7924,539.87,1334.6911,0.36239577,0.0
31 Dec 13 16:09,539.7924,539.87,1334.6911,0.36239577,0.0
31 Dec 13 16:19,537.06,539.66,1334.6911,0.36239577,0.0
31 Dec 13 16:29,539.5,539.66,1334.6911,0.36239577,0.0
31 Dec 13 16:39,539.66,539.68,1334.6911,0.36239577,0.0
31 Dec 13 16:49,539.66,539.68,1334.6911,0.36239577,0.0
31 Dec 13 16:59,537.06,537.5,1334.6911,0.36239577,0.0
31 Dec 13 17:09,537.07,539.68,1334.6911,0.36239577,0.0
31 Dec 13 17:19,537.06,539.68,1334.6911,0.36239577,0.0
31 Dec 13 17:29,537.06,539.68,1334.6911,0.36239577,0.0
31 Dec 13 17:39,537.06,539.68,1334.6911,0.36239577,0.0
31 Dec 13 17:49,537.06,539.66,1334.6911,0.36239577,0.0
31 Dec 13 17:59,537.06,539.66,1334.6911,0.36239577,0.0
31 Dec 13 18:09,537.1,539.5,1334.6911,0.36239577,0.0
31 Dec 13 18:20,537.101,539.5,1334.6911,0.36239577,0.0
31 Dec 13 18:30,539.5,539.999,1334.6911,0.36239577,0.0
31 Dec 13 18:40,537.5,539.999,1334.6911,0.36239577,0.0
31 Dec 13 18:50,537.5,539.0,1334.6911,0.36239577,0.0
31 Dec 13 19:00,539.5,539.9,1334.6911,0.36239577,0.0
31 Dec 13 19:10,539.9,539.999,1334.6911,0.36239577,0.0
31 Dec 13 19:20,539.5,539.999,1334.6911,0.36239577,0.0
31 Dec 13 19:30,537.15,539.999,1334.6911,0.36239577,0.0
31 Dec 13 19:40,537.15,539.0,1334.6911,0.36239577,0.0
31 Dec 13 19:50,538.9,539.0,1334.6911,0.36239577,0.0
31 Dec 13 20:00,538.9,540.0,1334.6911,0.36239577,0.0
31 Dec 13 20:10,538.9,540.0,1334.6911,0.36239577,0.0
31 Dec 13 20:20,540.0,540.1,1334.6911,0.36239577,0.0
31 Dec 13 20:30,539.0,540.1,1334.6911,0.36239577,0.0
31 Dec 13 20:40,539.0,540.1,1334.6911,0.36239577,0.0
31 Dec 13 20:50,539.0,540.1,1334.6911,0.36239577,0.0
31 Dec 13 21:01,539.0,540.1,1334.6911,0.36239577,0.0
31 Dec 13 21:11,539.0,540.1,1334.6911,0.36239577,0.0
31 Dec 13 21:21,539.0,540.0,1334.6911,0.36239577,0.0
31 Dec 13 21:31,539.0,540.0,1334.6911,0.36239577,0.0
31 Dec 13 21:41,539.0,539.5,1334.6911,0.36239577,0.0
 1 Jan 14 12:23,542.18348,544.48,1334.6911,0.36239577,0.0
 1 Jan 14 12:33,544.3254,544.4959,1334.6911,0.36239577,0.0
 1 Jan 14 12:43,544.4959,544.49999,1334.6911,0.36239577,0.0
 1 Jan 14 12:53,544.49999,544.5,1334.6911,0.36239577,0.0
 1 Jan 14 13:03,544.5,544.89898,1334.6911,0.36239577,0.0
 1 Jan 14 13:13,544.3254,544.35,1334.6911,0.36239577,0.0
 1 Jan 14 13:23,544.3254,545.0,1334.6911,0.36239577,0.0
 1 Jan 14 13:33,544.3254,545.0,1334.6911,0.36239577,0.0
 1 Jan 14 13:43,544.3254,545.0,1334.6911,0.36239577,0.0
 1 Jan 14 13:53,543.5342,544.3253,1334.6911,0.36239577,0.0
 1 Jan 14 14:03,543.5342,544.3,1334.6911,0.36239577,0.0
 1 Jan 14 14:13,542.18348,543.9,1334.6911,0.36239577,0.0
 1 Jan 14 14:23,542.19,543.8,1334.6911,0.36239577,0.0
 1 Jan 14 14:33,541.3,543.53218,1334.6911,0.36239577,0.0
 1 Jan 14 14:44,542.5,542.53218,1334.6911,0.36239577,0.0
 1 Jan 14 14:54,541.3,543.53218,1334.6911,0.36239577,0.0
 1 Jan 14 15:04,541.31,543.53218,1334.6911,0.36239577,0.0
 1 Jan 14 15:14,541.4,543.53218,1334.6911,0.36239577,0.0
 1 Jan 14 15:24,541.4,543.53218,1334.6911,0.36239577,0.0
 1 Jan 14 15:34,541.5,543.53218,1334.6911,0.36239577,0.0
 1 Jan 14 15:44,543.53014,545.32,1334.6911,0.36239577,0.0
 1 Jan 14 15:54,543.53014,545.25,1334.6911,0.36239577,0.0
 1 Jan 14 16:04,545.0,545.25,1334.6911,0.36239577,0.0
 1 Jan 14 16:14,543.53014,545.25,1334.6911,0.36239577,0.0
 1 Jan 14 16:24,543.52812,545.9,1334.6911,0.36239577,0.0
 1 Jan 14 16:34,545.8,545.89998,1334.6911,0.36239577,0.0
 1 Jan 14 16:44,543.52812,545.79999,1334.6911,0.36239577,0.0
 1 Jan 14 16:54,543.52812,544.0,1334.6911,0.36239577,0.0
 1 Jan 14 17:04,543.52609,545.8,1334.6911,0.36239577,0.0
 1 Jan 14 17:14,543.52609,545.8,1334.6911,0.36239577,0.0
 1 Jan 14 17:24,542.17134,544.44,1334.6911,0.36239577,0.0
 1 Jan 14 17:35,544.45,544.8822,1334.6911,0.36239577,0.0
 1 Jan 14 17:45,542.17134,544.45,1334.6911,0.36239577,0.0
 1 Jan 14 17:55,543.9434,545.89999,1334.6911,0.36239577,0.0
 1 Jan 14 18:05,544.0,545.89999,1334.6911,0.36239577,0.0
 1 Jan 14 18:15,544.0,545.5,1334.6911,0.36239577,0.0
 1 Jan 14 18:25,543.5,545.2985,1334.6911,0.36239577,0.0
 1 Jan 14 18:35,543.51,545.0,1334.6911,0.36239577,0.0
 1 Jan 14 18:45,543.51,545.0,1334.6911,0.36239577,0.0
 1 Jan 14 18:55,543.51,545.0,1334.6911,0.36239577,0.0
 1 Jan 14 19:05,543.55,544.99999,1334.6911,0.36239577,0.0
 1 Jan 14 19:15,543.55,544.99999,1334.6911,0.36239577,0.0
 1 Jan 14 19:25,543.55,544.99999,1334.6911,0.36239577,0.0
 1 Jan 14 19:35,543.55,544.99999,1334.6911,0.36239577,0.0
 1 Jan 14 19:45,543.55,544.55,1334.6911,0.36239577,0.0
 1 Jan 14 19:56,543.51,544.55,1334.6911,0.36239577,0.0
 1 Jan 14 20:06,543.5,545.0,1334.6911,0.36239577,0.0
 1 Jan 14 20:16,543.5,545.0,1334.6911,0.36239577,0.0
 1 Jan 14 20:26,543.05,543.1,1334.6911,0.36239577,0.0
 1 Jan 14 20:36,543.05,543.1,1334.6911,0.36239577,0.0
 1 Jan 14 20:46,543.05,543.1,1334.6911,0.36239577,0.0
 1 Jan 14 20:56,543.0,543.05,1334.6911,0.36239577,0.0
 1 Jan 14 21:06,543.0,544.9,1334.6911,0.36239577,0.0
 1 Jan 14 21:16,543.01,544.99,1334.6911,0.36239577,0.0
 1 Jan 14 21:26,543.0,545.0,1334.6911,0.36239577,0.0
 1 Jan 14 21:36,543.01,544.999,1334.6911,0.36239577,0.0
 1 Jan 14 21:46,545.89999,545.99,1334.6911,0.36239577,-0.362
 1 Jan 14 21:56,544.0,546.0,1532.186,1.08e-06,0.0
 1 Jan 14 22:06,544.0,545.36557,1532.186,1.08e-06,0.0
 1 Jan 14 22:16,546.0,546.47,1532.186,1.08e-06,0.0
 1 Jan 14 22:26,544.1,546.47,1532.186,1.08e-06,0.0
 1 Jan 14 22:36,545.36355,547.5,1532.186,1.08e-06,0.0
 1 Jan 14 22:47,547.01,547.5,1532.186,1.08e-06,0.0
 1 Jan 14 22:57,547.02,548.0,1532.186,1.08e-06,0.0
 1 Jan 14 23:07,547.0,548.0,1532.186,1.08e-06,0.0
 1 Jan 14 23:17,546.5,547.0,1532.186,1.08e-06,0.0
 1 Jan 14 23:27,546.5,547.0,1532.186,1.08e-06,0.0
 1 Jan 14 23:37,546.0,547.0,1532.186,1.08e-06,0.0
 1 Jan 14 23:47,546.0,547.0,1532.186,1.08e-06,0.0
 1 Jan 14 23:57,546.001,547.0,1532.186,1.08e-06,0.0
 2 Jan 14 00:07,547.9,548.0,1532.186,1.08e-06,0.0
 2 Jan 14 00:17,547.9,548.0,1532.186,1.08e-06,0.0
 2 Jan 14 00:27,546.001,547.9,1532.186,1.08e-06,0.0
 2 Jan 14 00:37,546.001,547.0,1532.186,1.08e-06,0.0
 2 Jan 14 00:47,546.001,547.0,1532.186,1.08e-06,0.0
 2 Jan 14 00:57,546.0,547.0,1532.186,1.08e-06,0.0
 2 Jan 14 01:07,546.0,547.0,1532.186,1.08e-06,0.0
 2 Jan 14 01:17,546.01,546.999,1532.186,1.08e-06,0.0
 2 Jan 14 01:27,546.01,546.999,1532.186,1.08e-06,0.0
 2 Jan 14 01:37,546.0,547.0,1532.186,1.08e-06,0.0
 2 Jan 14 01:47,546.0,547.0,1532.186,1.08e-06,0.0
 2 Jan 14 01:58,546.0,546.99,1532.186,1.08e-06,0.0
 2 Jan 14 02:08,546.0,546.99,1532.186,1.08e-06,0.0
 2 Jan 14 02:18,546.0,546.99,1532.186,1.08e-06,0.0
 2 Jan 14 02:28,546.99,547.0,1532.186,1.08e-06,0.0
 2 Jan 14 02:38,546.99,547.0,1532.186,1.08e-06,0.0
 2 Jan 14 02:48,546.99,547.0,1532.186,1.08e-06,0.0
 2 Jan 14 02:58,546.5,547.0,1532.186,1.08e-06,0.0
 2 Jan 14 03:08,546.0,547.0,1532.186,1.08e-06,0.0
 2 Jan 14 03:18,546.0,546.98,1532.186,1.08e-06,0.0
 2 Jan 14 03:28,545.36152,546.0,1532.186,1.08e-06,0.0
 2 Jan 14 03:38,545.36152,546.98,1532.186,1.08e-06,0.0
 2 Jan 14 03:48,545.0,546.72221,1532.186,1.08e-06,0.0
 2 Jan 14 03:58,545.0,546.72221,1532.186,1.08e-06,0.0
 2 Jan 14 04:08,545.0,546.72221,1532.186,1.08e-06,0.0
 2 Jan 14 04:18,545.0,546.72221,1532.186,1.08e-06,0.0
 2 Jan 14 04:28,545.0,546.72221,1532.186,1.08e-06,0.0
 2 Jan 14 04:38,545.0,546.72221,1532.186,1.08e-06,0.0
 2 Jan 14 04:48,545.0,546.72221,1532.186,1.08e-06,0.0
 2 Jan 14 04:58,545.3595,546.98,1532.186,1.08e-06,0.0
 2 Jan 14 05:08,545.3595,546.98,1532.186,1.08e-06,0.0
 2 Jan 14 05:18,545.1,546.72018,1532.186,1.08e-06,0.0
 2 Jan 14 05:28,545.1,546.72018,1532.186,1.08e-06,0.0
 2 Jan 14 05:39,545.1,546.72018,1532.186,1.08e-06,0.0
 2 Jan 14 05:49,545.2,546.72018,1532.186,1.08e-06,0.0
 2 Jan 14 05:59,545.2,546.72018,1532.186,1.08e-06,0.0
 2 Jan 14 06:09,546.73018,546.97,1532.186,1.08e-06,0.0
 2 Jan 14 06:19,545.35747,546.97,1532.186,1.08e-06,0.0
 2 Jan 14 06:29,545.35747,546.97,1532.186,1.08e-06,0.0
 2 Jan 14 06:39,545.35747,546.97,1532.186,1.08e-06,0.0
 2 Jan 14 06:49,545.35747,546.96,1532.186,1.08e-06,0.0
 2 Jan 14 06:59,545.35747,546.96,1532.186,1.08e-06,0.0
 2 Jan 14 07:09,545.0001,546.71815,1532.186,1.08e-06,0.0
 2 Jan 14 07:19,545.0,545.0001,1532.186,1.08e-06,0.0
 2 Jan 14 07:29,545.0001,546.969,1532.186,1.08e-06,0.0
 2 Jan 14 07:39,545.0,546.969,1532.186,1.08e-06,0.0
 2 Jan 14 07:49,545.0,546.969,1532.186,1.08e-06,0.0
 2 Jan 14 07:59,545.00001,546.96,1532.186,1.08e-06,0.0
 2 Jan 14 08:09,545.00001,546.98,1532.186,1.08e-06,0.0
 2 Jan 14 08:19,545.00001,547.0,1532.186,1.08e-06,0.0
 2 Jan 14 08:29,547.0,547.35069,1532.186,1.08e-06,0.0
 2 Jan 14 08:39,547.0,547.9,1532.186,1.08e-06,0.0
 2 Jan 14 08:50,545.98439,547.9,1532.186,1.08e-06,0.0
 2 Jan 14 09:00,547.9,547.9999,1532.186,1.08e-06,0.0
 2 Jan 14 09:10,547.9,547.9999,1532.186,1.08e-06,0.0
 2 Jan 14 09:20,545.98439,547.9,1532.186,1.08e-06,0.0
 2 Jan 14 09:30,547.9,547.91,1532.186,1.08e-06,0.0
 2 Jan 14 09:40,546.0,547.909,1532.186,1.08e-06,0.0
 2 Jan 14 09:50,544.72,546.0,1532.186,1.08e-06,0.0
 2 Jan 14 10:00,544.7,545.0,1532.186,1.08e-06,0.0
 2 Jan 14 10:10,544.62149,545.89,1532.186,1.08e-06,0.0
 2 Jan 14 10:20,544.62149,545.89,1532.186,1.08e-06,0.0
 2 Jan 14 10:30,544.26,544.5,1532.186,1.08e-06,0.0
 2 Jan 14 10:40,544.5,546.0,1532.186,1.08e-06,0.0
 2 Jan 14 10:50,544.6,545.0,1532.186,1.08e-06,0.0
 2 Jan 14 11:00,544.5,544.6,1532.186,1.08e-06,0.0
 2 Jan 14 11:10,545.03349,546.5,1532.186,1.08e-06,0.0
 2 Jan 14 11:20,546.99,547.0,1532.186,1.08e-06,0.0
 2 Jan 14 11:30,546.99,547.0,1532.186,1.08e-06,0.0
 2 Jan 14 11:41,546.9999,547.0,1532.186,1.08e-06,0.0
 2 Jan 14 11:51,546.9999,547.0,1532.186,1.08e-06,0.0
 2 Jan 14 12:01,546.9999,548.0,1532.186,1.08e-06,0.0
 2 Jan 14 12:11,546.5,548.0,1532.186,1.08e-06,0.0
 2 Jan 14 12:21,547.0,548.0,1532.186,1.08e-06,0.0
 2 Jan 14 12:31,546.5,548.0,1532.186,1.08e-06,0.0
 2 Jan 14 12:41,547.99,548.0,1532.186,1.08e-06,0.0
 2 Jan 14 12:51,546.5,548.0,1532.186,1.08e-06,0.0
 2 Jan 14 13:01,548.0,549.0,1532.186,1.08e-06,0.0
 2 Jan 14 13:11,548.0,548.9,1532.186,1.08e-06,0.0
 2 Jan 14 13:21,547.7,550.0,1532.186,1.08e-06,0.0
 2 Jan 14 13:31,547.7,549.0,1532.186,1.08e-06,0.0
 2 Jan 14 13:41,547.7,549.0,1532.186,1.08e-06,0.0
 2 Jan 14 13:51,547.7,549.0,1532.186,1.08e-06,0.0
 2 Jan 14 14:01,547.7,549.0,1532.186,1.08e-06,0.0
 2 Jan 14 14:11,548.0,549.0,1532.186,1.08e-06,0.0
 2 Jan 14 14:21,548.0,549.0,1532.186,1.08e-06,0.0
 2 Jan 14 14:32,548.0,549.0,1532.186,1.08e-06,0.0
 2 Jan 14 14:42,548.0,548.99999,1532.186,1.08e-06,0.0
 2 Jan 14 14:52,547.65359,549.0,1532.186,1.08e-06,0.0
 2 Jan 14 15:02,548.0,548.99,1532.186,1.08e-06,0.0
 2 Jan 14 15:12,548.0,548.994,1532.186,1.08e-06,0.0
 2 Jan 14 15:22,548.0,548.994,1532.186,1.08e-06,0.0
 2 Jan 14 15:32,547.07554,548.0,1532.186,1.08e-06,0.0
 2 Jan 14 15:42,547.07554,548.994,1532.186,1.08e-06,0.0
 2 Jan 14 15:52,548.994,548.995,1532.186,1.08e-06,0.0
 2 Jan 14 16:02,548.994,548.995,1532.186,1.08e-06,0.0
 2 Jan 14 16:12,548.994,548.995,1532.186,1.08e-06,0.0
 2 Jan 14 16:22,548.994,548.998,1532.186,1.08e-06,0.0
 2 Jan 14 16:32,548.994,549.0,1532.186,1.08e-06,0.0
 2 Jan 14 16:42,548.5,549.0,1532.186,1.08e-06,0.0
 2 Jan 14 16:52,548.5,549.0,1532.186,1.08e-06,0.0
 2 Jan 14 17:02,548.5,549.0,1532.186,1.08e-06,0.0
 2 Jan 14 17:12,548.0,549.0,1532.186,1.08e-06,0.0
 2 Jan 14 17:22,548.0,549.0,1532.186,1.08e-06,0.0
 2 Jan 14 17:33,548.5,548.97,1532.186,1.08e-06,0.0
 2 Jan 14 17:43,548.5,549.1,1532.186,1.08e-06,0.0
 2 Jan 14 17:53,548.51,549.1,1532.186,1.08e-06,0.0
 2 Jan 14 18:03,549.0,549.5,1532.186,1.08e-06,0.0
 2 Jan 14 18:13,549.0001,549.5,1532.186,1.08e-06,0.0
 2 Jan 14 18:23,549.0001,549.5,1532.186,1.08e-06,0.0
 2 Jan 14 18:33,548.5,549.67999,1532.186,1.08e-06,0.0
 2 Jan 14 18:43,549.68001,549.98,1532.186,1.08e-06,0.0
 2 Jan 14 18:53,549.50001,549.98,1532.186,1.08e-06,0.0
 2 Jan 14 19:03,549.5,549.9999,1532.186,1.08e-06,0.0
 2 Jan 14 19:13,548.0,550.0,1532.186,1.08e-06,0.0
 2 Jan 14 19:21,548.0,549.99,1532.186,1.08e-06,0.0
 2 Jan 14 19:31,548.0,550.0,1532.186,1.08e-06,0.0
 2 Jan 14 19:41,547.2,549.20627,1532.186,1.08e-06,0.0
 2 Jan 14 19:51,548.1,550.0,1532.186,1.08e-06,0.0
 2 Jan 14 20:01,549.0,550.0,1532.186,1.08e-06,0.0
 2 Jan 14 20:11,551.1443,552.0,1532.186,1.08e-06,0.0
 2 Jan 14 20:21,553.0,553.32531,1532.186,1.08e-06,0.0
 2 Jan 14 20:31,554.8,555.0,1532.186,1.08e-06,0.0
 2 Jan 14 20:41,556.08611,557.49999,1532.186,1.08e-06,0.0
 2 Jan 14 20:51,557.0,557.999,1532.186,1.08e-06,0.0
 2 Jan 14 21:01,557.14435,559.5,1532.186,1.08e-06,0.0
 2 Jan 14 21:11,560.99999,561.49999,1532.186,1.08e-06,0.0
 2 Jan 14 21:50,568.0,569.0,1532.186,1.08e-06,0.0
 2 Jan 14 22:00,563.6112,565.93109,1532.186,1.08e-06,0.0
 2 Jan 14 22:10,556.84091,558.99,1532.186,1.08e-06,1.015
 2 Jan 14 22:20,555.45,555.45088,963.799,1.01508602,0.0
 2 Jan 14 22:30,560.95467,561.0,963.799,1.01508602,0.0
 2 Jan 14 22:40,555.46,555.5,963.799,1.01508602,0.0
 2 Jan 14 22:51,560.0,560.01,963.799,1.01508602,0.0
 2 Jan 14 23:01,566.40341,568.62302,963.799,1.01508602,-0.755
 2 Jan 14 23:11,570.45616,572.0,1390.5594,0.26034655,0.0
 2 Jan 14 23:21,568.4873,570.0,1390.5594,0.26034655,0.0
 2 Jan 14 23:31,566.23,567.63693,1390.5594,0.26034655,0.0
 2 Jan 14 23:41,567.63693,569.0,1390.5594,0.26034655,0.0
 2 Jan 14 23:51,566.21785,569.0,1390.5594,0.26034655,0.0
 3 Jan 14 00:01,562.0,564.80234,1390.5594,0.26034655,0.0
 3 Jan 14 00:11,564.0131,566.21153,1390.5594,0.26034655,0.0
 3 Jan 14 00:21,564.79813,566.99999,1390.5594,0.26034655,0.0
 3 Jan 14 00:31,564.04,566.20731,1390.5594,0.26034655,0.0
 3 Jan 14 00:41,565.01,566.20731,1390.5594,0.26034655,0.0
 3 Jan 14 00:51,565.01,566.99999,1390.5594,0.26034655,0.0
 3 Jan 14 01:02,565.01,567.49999,1390.5594,0.26034655,0.0
 3 Jan 14 01:12,568.0,568.99,1390.5594,0.26034655,0.0
 3 Jan 14 01:22,570.45598,570.5,1390.5594,0.26034655,0.0
 3 Jan 14 01:32,569.39336,570.42,1390.5594,0.26034655,0.0
 3 Jan 14 01:42,566.18113,569.01203,1390.5594,0.26034655,0.0
 3 Jan 14 01:52,567.59376,570.39,1390.5594,0.26034655,0.0
 3 Jan 14 02:02,567.59376,570.0,1390.5594,0.26034655,0.0
 3 Jan 14 02:12,567.60376,569.9899,1390.5594,0.26034655,0.0
 3 Jan 14 02:22,569.5,569.99,1390.5594,0.26034655,0.0
 3 Jan 14 02:32,569.0,569.99,1390.5594,0.26034655,0.0
 3 Jan 14 02:42,568.5,569.99,1390.5594,0.26034655,0.0
 3 Jan 14 02:52,567.51772,569.5,1390.5594,0.26034655,0.0
 3 Jan 14 03:02,564.03,564.69214,1390.5594,0.26034655,0.0
 3 Jan 14 03:12,562.69593,564.02,1390.5594,0.26034655,0.0
 3 Jan 14 03:22,565.37794,566.09894,1390.5594,0.26034655,0.0
 3 Jan 14 03:32,564.68793,567.51137,1390.5594,0.26034655,0.0
 3 Jan 14 03:43,564.68793,567.51137,1390.5594,0.26034655,0.0
 3 Jan 14 03:53,569.49971,569.50703,1390.5594,0.26034655,0.0
 3 Jan 14 04:03,566.10683,570.1,1390.5594,0.26034655,0.0
 3 Jan 14 04:13,565.51581,568.34339,1390.5594,0.26034655,0.0
 3 Jan 14 04:23,569.75578,571.99997,1390.5594,0.26034655,0.0
 3 Jan 14 04:33,568.0,568.33565,1390.5594,0.26034655,0.0
 3 Jan 14 04:43,566.91905,568.33565,1390.5594,0.26034655,0.0
 3 Jan 14 04:53,562.67282,565.48618,1390.5594,0.26034655,0.0
 3 Jan 14 05:03,566.5,568.0,1390.5594,0.26034655,0.0
 3 Jan 14 05:13,562.84741,565.6,1390.5594,0.26034655,0.0
 3 Jan 14 05:23,564.25172,567.07298,1390.5594,0.26034655,0.0
 3 Jan 14 05:33,563.0,565.65953,1390.5594,0.26034655,0.0
 3 Jan 14 05:43,563.0,565.65953,1390.5594,0.26034655,0.0
 3 Jan 14 05:53,563.0,565.5,1390.5594,0.26034655,0.0
 3 Jan 14 06:03,563.0,565.59,1390.5594,0.26034655,0.0
 3 Jan 14 06:13,563.0,565.65743,1390.5594,0.26034655,0.0
 3 Jan 14 06:23,564.81175,565.65532,1390.5594,0.26034655,0.0
 3 Jan 14 06:33,564.81175,567.0,1390.5594,0.26034655,0.0
 3 Jan 14 06:43,564.81175,567.0,1390.5594,0.26034655,0.0
 3 Jan 14 06:53,564.81175,567.0,1390.5594,0.26034655,0.0
 3 Jan 14 07:03,564.2454,564.81175,1390.5594,0.26034655,0.0
 3 Jan 14 07:13,566.5,568.29047,1390.5594,0.26034655,0.0
 3 Jan 14 07:24,565.46315,568.289,1390.5594,0.26034655,0.0
 3 Jan 14 07:34,564.06372,566.87399,1390.5594,0.26034655,0.0
 3 Jan 14 07:44,569.70149,571.70149,1390.5594,0.1942879124,0.0
 3 Jan 14 07:54,571.5,571.99999,1390.5594,0.1942879124,0.0
 3 Jan 14 08:04,572.0,572.1,1390.5594,0.1942879124,0.0
 3 Jan 14 08:14,572.5,572.99,1390.5594,0.1942879124,0.0
 3 Jan 14 08:24,573.99999,574.12121,1390.5594,0.1942879124,0.0
 3 Jan 14 08:34,575.19993,575.40631,1390.5594,0.1942879124,0.0
 3 Jan 14 08:44,577.0,578.0,1390.5594,0.1942879124,0.0
 3 Jan 14 08:54,577.99,579.0,1390.5594,0.1942879124,0.0
 3 Jan 14 09:04,579.0,580.0,1390.5594,0.1942879124,0.0
 3 Jan 14 09:14,581.16608,582.85,1390.5594,0.1942879124,0.0
 3 Jan 14 09:24,585.0,586.92125,1390.5594,0.1942879124,0.0
 3 Jan 14 09:34,584.0,585.8935,1390.5594,0.1942879124,0.0
 3 Jan 14 09:44,586.0,586.8801,1390.5594,0.1942879124,0.0
 3 Jan 14 09:54,586.0,586.83298,1390.5594,0.1942879124,0.0
 3 Jan 14 10:04,586.83298,586.85298,1390.5594,0.1942879124,0.0
 3 Jan 14 10:14,587.25,588.0,1390.5594,0.1942879124,0.0
 3 Jan 14 10:24,585.5,587.98,1390.5594,0.1942879124,0.0
 3 Jan 14 10:34,586.75,588.2929,1390.5594,0.1942879124,0.0
 3 Jan 14 10:44,593.0,595.66196,1390.5594,0.1942879124,0.0
 3 Jan 14 10:55,598.01,598.514,1390.5594,0.1942879124,0.0
 3 Jan 14 11:05,597.11686,597.47,1390.5594,0.1942879124,0.0
 3 Jan 14 11:15,597.11686,597.47,1390.5594,0.1942879124,0.0
 3 Jan 14 11:25,597.11686,597.44,1390.5594,0.1942879124,0.0
 3 Jan 14 11:35,587.1,588.0,1390.5594,0.1942879124,0.751
 3 Jan 14 11:45,590.03457,592.1,948.3871,0.9450054724,0.0
 3 Jan 14 11:55,586.3552,587.0295,948.3871,0.9450054724,0.0
 3 Jan 14 12:05,590.05,590.99,948.3871,0.9450054724,0.0
 3 Jan 14 12:15,589.0,590.9,948.3871,0.9450054724,0.0
 3 Jan 14 12:25,590.97,591.47999,948.3871,0.9450054724,0.0
 3 Jan 14 12:35,591.0,591.49999,948.3871,0.9450054724,0.0
 3 Jan 14 12:45,591.0,591.48999,948.3871,0.9450054724,0.0
 3 Jan 14 12:55,592.01,594.12965,948.3871,0.9450054724,0.0
 3 Jan 14 13:05,596.0,596.98999,948.3871,0.9450054724,0.0
 3 Jan 14 13:15,595.6001,596.98,948.3871,0.9450054724,0.0
 3 Jan 14 13:25,598.77864,598.92531,948.3871,0.9450054724,-0.945
 3 Jan 14 13:35,598.61,598.8,1513.2743,2.4e-09,0.0
 3 Jan 14 13:45,598.97867,599.0,1513.2743,2.4e-09,0.0
 3 Jan 14 13:55,598.8,598.97,1513.2743,2.4e-09,0.0
 3 Jan 14 14:05,595.7,596.99,1513.2743,2.4e-09,0.0
 3 Jan 14 14:16,594.5,595.6,1513.2743,2.4e-09,0.0
 3 Jan 14 14:26,592.0,592.65446,1513.2743,2.4e-09,0.0
 3 Jan 14 14:36,596.4,596.9799,1513.2743,2.4e-09,0.0
 3 Jan 14 14:46,593.9,594.9999,1513.2743,2.4e-09,0.0
 3 Jan 14 14:56,593.4999,596.4999,1513.2743,2.4e-09,0.0
 3 Jan 14 15:06,596.9,597.5,1513.2743,2.4e-09,0.0
 3 Jan 14 15:16,598.84651,598.85,1513.2743,2.4e-09,0.0
 3 Jan 14 15:26,595.60595,598.21,1513.2743,2.4e-09,0.0
 3 Jan 14 15:36,596.3,599.97,1513.2743,2.4e-09,0.0
 3 Jan 14 15:46,595.00492,597.09009,1513.2743,2.4e-09,0.0
 3 Jan 14 15:56,592.8,594.0,1513.2743,2.4e-09,0.0
 3 Jan 14 16:06,592.81,596.7319,1513.2743,2.4e-09,0.0
 3 Jan 14 16:16,592.96992,595.54267,1513.2743,2.4e-09,0.0
 3 Jan 14 16:26,591.7361,592.0,1513.2743,2.4e-09,0.0
 3 Jan 14 16:36,588.01,590.99,1513.2743,2.4e-09,0.808
 3 Jan 14 16:46,590.99,592.56706,1035.2145,0.8076213424,0.0
 3 Jan 14 16:56,590.99,591.01,1035.2145,0.8076213424,0.0
 3 Jan 14 17:06,592.30299,595.22034,1035.2145,0.8076213424,0.0
 3 Jan 14 17:16,591.1,595.1,1035.2145,0.8076213424,0.0
 3 Jan 14 17:26,593.01,595.8,1035.2145,0.8076213424,0.0
 3 Jan 14 17:36,593.0,594.19622,1035.2145,0.8076213424,0.0
 3 Jan 14 17:47,595.4,597.26697,1035.2145,0.8076213424,0.0
 3 Jan 14 17:57,593.202,593.28801,1035.2145,0.8076213424,0.0
 3 Jan 14 18:07,593.0001,593.202,1035.2145,0.7836239091,0.0
 3 Jan 14 18:17,593.0,593.192,1035.2145,0.7836239091,0.0
 3 Jan 14 18:27,593.0,594.29102,1035.2145,0.7836239091,0.0
 3 Jan 14 18:37,591.35429,593.0,1035.2145,0.7836239091,0.0
 3 Jan 14 18:47,591.35429,594.00443,1035.2145,0.7836239091,0.0
 3 Jan 14 18:57,590.19622,591.02335,1035.2145,0.7836239091,0.0
 3 Jan 14 19:07,586.91,586.99,1035.2145,0.7836239091,0.0
 3 Jan 14 19:17,587.11,588.0,1035.2145,0.7836239091,0.0
 3 Jan 14 19:27,587.1,587.51,1035.2145,0.7836239091,0.0
 3 Jan 14 19:37,581.08104,583.97645,1035.2145,0.7836239091,0.0
 3 Jan 14 19:47,583.91104,585.43131,1035.2145,0.7836239091,0.0
 3 Jan 14 19:57,586.0,587.44237,1035.2145,0.7836239091,0.0
 3 Jan 14 20:07,586.0,587.64245,1035.2145,0.7836239091,0.0
 3 Jan 14 20:17,586.389,587.37,1035.2145,0.7836239091,0.0
 3 Jan 14 20:27,587.03723,589.8243,1035.2145,0.7836239091,0.0
 3 Jan 14 20:37,588.35,589.8043,1035.2145,0.7836239091,0.0
 3 Jan 14 20:47,591.2,591.30375,1035.2145,0.7836239091,0.0
 3 Jan 14 20:58,589.82992,589.999,1035.2145,0.7836239091,0.0
 3 Jan 14 21:08,588.64231,589.81334,1035.2145,0.7836239091,0.0
 3 Jan 14 21:18,588.63231,589.81334,1035.2145,0.7836239091,0.0
 3 Jan 14 21:28,587.41,589.81334,1035.2145,0.7836239091,0.0
 3 Jan 14 21:38,588.0,589.80334,1035.2145,0.7836239091,0.0
 3 Jan 14 21:48,588.36319,590.92,1035.2145,0.7836239091,0.0
 3 Jan 14 21:58,588.35319,590.8,1035.2145,0.7836239091,0.0
 3 Jan 14 22:08,588.36319,590.92,1035.2145,0.7836239091,0.0
 3 Jan 14 22:18,588.35319,591.0,1035.2145,0.7836239091,0.0
 3 Jan 14 22:28,592.0,592.76024,1035.2145,0.7836239091,0.0
 3 Jan 14 22:38,592.01001,592.73,1035.2145,0.7836239091,0.0
 3 Jan 14 22:48,593.96,594.0,1035.2145,0.7836239091,0.0
 3 Jan 14 22:58,592.61079,594.9,1035.2145,0.7836239091,0.0
 3 Jan 14 23:08,594.08554,596.51785,1035.2145,0.7836239091,0.0
 3 Jan 14 23:18,593.01,595.0,1035.2145,0.7836239091,0.0
 3 Jan 14 23:28,594.08111,595.54,1035.2145,0.7836239091,0.0
 3 Jan 14 23:38,593.21,593.3,1035.2145,0.7836239091,0.0
 3 Jan 14 23:48,592.64429,594.0589,1035.2145,0.7836239091,0.0
 3 Jan 14 23:58,592.59597,595.0,1035.2145,0.7836239091,0.0
 4 Jan 14 00:08,596.0,596.512,1035.2145,0.7836239091,0.0
 4 Jan 14 00:18,594.07448,596.51344,1035.2145,0.7836239091,0.0
 4 Jan 14 00:28,590.54,592.0,1035.2145,0.7836239091,0.0
 4 Jan 14 00:39,591.0,593.85919,1035.2145,0.7836239091,0.0
 4 Jan 14 00:49,590.0,593.98,1035.2145,0.7836239091,0.0
 4 Jan 14 00:59,584.05015,586.92535,1035.2145,0.7836239091,0.0
 4 Jan 14 01:09,589.88066,592.27704,1035.2145,0.7836239091,0.0
 4 Jan 14 01:19,589.88066,592.82006,1035.2145,0.7836239091,0.0
 4 Jan 14 01:29,588.42037,591.34242,1035.2145,0.7836239091,0.0
 4 Jan 14 01:39,588.41037,589.99,1035.2145,0.7836239091,0.0
 4 Jan 14 01:49,588.40818,589.99,1035.2145,0.7836239091,0.0
 4 Jan 14 01:59,588.40818,589.95,1035.2145,0.7836239091,0.0
 4 Jan 14 02:09,588.40818,589.95,1035.2145,0.7836239091,0.0
 4 Jan 14 02:19,588.40818,589.95,1035.2145,0.7836239091,0.0
 4 Jan 14 02:29,589.95,591.33022,1035.2145,0.7836239091,0.0
 4 Jan 14 02:39,588.40818,588.70208,1035.2145,0.7836239091,0.0
 4 Jan 14 02:49,588.41818,591.35022,1035.2145,0.7836239091,0.0
 4 Jan 14 02:59,589.88627,591.81492,1035.2145,0.7836239091,0.0
 4 Jan 14 03:09,589.88627,592.81565,1035.2145,0.7836239091,0.0
 4 Jan 14 03:19,589.88627,592.81565,1035.2145,0.7836239091,0.0
 4 Jan 14 03:29,592.39628,592.82565,1035.2145,0.7836239091,0.0
 4 Jan 14 03:39,587.9809,588.07657,1035.2145,0.7836239091,0.0
 4 Jan 14 03:49,584.013,586.91922,1035.2145,0.7836239091,0.0
 4 Jan 14 03:59,584.013,586.91922,1035.2145,0.7836239091,0.0
 4 Jan 14 04:09,584.013,586.91922,1035.2145,0.7836239091,0.0
 4 Jan 14 04:19,583.0001,583.92815,1035.2145,0.7836239091,0.0
 4 Jan 14 04:30,583.0101,585.03732,1035.2145,0.7836239091,0.0
 4 Jan 14 04:40,584.95637,584.96373,1035.2145,0.7836239091,0.0
 4 Jan 14 04:50,583.5,585.45631,1035.2145,0.7836239091,0.0
 4 Jan 14 05:00,583.99704,586.91703,1035.2145,0.7836239091,0.0
 4 Jan 14 05:10,583.99704,586.91703,1035.2145,0.7836239091,0.0
 4 Jan 14 05:20,583.99704,586.91703,1035.2145,0.7836239091,0.0
 4 Jan 14 05:30,587.9809,588.07657,1035.2145,0.7836239091,0.0
 4 Jan 14 05:40,585.45412,588.3714,1035.2145,0.7836239091,0.0
 4 Jan 14 05:50,585.46412,588.3714,1035.2145,0.7836239091,0.0
 4 Jan 14 06:00,585.46412,588.3714,1035.2145,0.7836239091,0.0
 4 Jan 14 06:10,585.45412,588.3714,1035.2145,0.7836239091,0.0
 4 Jan 14 06:20,589.26872,589.31287,1035.2145,0.7836239091,0.0
 4 Jan 14 06:30,586.91484,589.83942,1035.2145,0.7836239091,0.0
 4 Jan 14 06:40,586.91484,589.83942,1035.2145,0.7836239091,0.0
 4 Jan 14 06:50,585.03732,586.39,1035.2145,0.7836239091,0.0
 4 Jan 14 07:00,585.03732,586.39,1035.2145,0.7836239091,0.0
 4 Jan 14 07:10,586.91048,588.49,1035.2145,0.7836239091,0.0
 4 Jan 14 07:20,585.51565,587.04631,1035.2145,0.7836239091,0.0
 4 Jan 14 07:30,585.5401,588.37483,1035.2145,0.7836239091,0.0
 4 Jan 14 07:40,590.18859,594.19922,1035.2145,0.7836239091,0.0
 4 Jan 14 07:50,591.30615,594.0,1035.2145,0.7836239091,0.0
 4 Jan 14 08:00,594.25825,595.97,1035.2145,0.7836239091,0.0
 4 Jan 14 08:11,594.29825,595.9749,1035.2145,0.7836239091,0.0
 4 Jan 14 08:21,595.9849,596.0,1035.2145,0.7836239091,0.0
 4 Jan 14 08:31,593.87807,595.73093,1035.2145,0.7836239091,0.0
 4 Jan 14 08:41,595.73093,596.0,1035.2145,0.7836239091,0.0
 4 Jan 14 08:51,592.92049,595.8851,1035.2145,0.7836239091,0.0
 4 Jan 14 09:01,592.92829,594.5,1035.2145,0.7836239091,0.0
 4 Jan 14 09:11,596.1,596.52785,1035.2145,0.7836239091,0.0
 4 Jan 14 09:21,594.40763,596.89,1035.2145,0.7836239091,0.0
 4 Jan 14 09:31,595.01,596.88,1035.2145,0.7836239091,0.0
 4 Jan 14 09:41,595.01,596.74,1035.2145,0.7836239091,0.0
 4 Jan 14 09:51,595.01,596.77009,1035.2145,0.7836239091,0.0
 4 Jan 14 10:01,595.01,596.77009,1035.2145,0.7836239091,0.0
 4 Jan 14 10:11,592.92986,594.92986,1035.2145,0.7836239091,0.0
 4 Jan 14 10:21,592.91608,594.92986,1035.2145,0.7836239091,0.0
 4 Jan 14 10:31,595.01,595.87,1035.2145,0.7836239091,0.0
 4 Jan 14 10:41,594.4,596.8,1035.2145,0.7836239091,0.0
 4 Jan 14 10:51,594.4,596.69,1035.2145,0.7836239091,0.0
 4 Jan 14 11:01,592.91387,593.19148,1035.2145,0.7836239091,0.0
 4 Jan 14 11:11,592.26,593.0,1035.2145,0.7836239091,0.0
 4 Jan 14 11:21,592.281,593.0,1035.2145,0.7836239091,0.0
 4 Jan 14 11:32,593.01,594.39099,1035.2145,0.7836239091,0.0
 4 Jan 14 11:42,593.11,596.2,1035.2145,0.7836239091,0.0
 4 Jan 14 11:52,593.11276,595.8,1035.2145,0.7836239091,0.0
 4 Jan 14 12:02,593.3,595.99,1035.2145,0.7836239091,0.0
 4 Jan 14 12:12,594.0,595.99,1035.2145,0.7836239091,0.0
 4 Jan 14 12:22,594.0,595.9,1035.2145,0.7836239091,0.0
 4 Jan 14 12:32,595.25891,595.98,1035.2145,0.7836239091,0.0
 4 Jan 14 12:42,594.0001,596.0,1035.2145,0.7836239091,0.0
 4 Jan 14 12:52,594.0001,595.99,1035.2145,0.7836239091,0.0
 4 Jan 14 13:02,594.2,595.989,1035.2145,0.7836239091,0.0
 4 Jan 14 13:12,594.2,595.989,1035.2145,0.7836239091,0.0
 4 Jan 14 13:22,594.28,595.989,1035.2145,0.7836239091,0.0
 4 Jan 14 13:32,593.21,594.1,1035.2145,0.7836239091,0.0
 4 Jan 14 13:42,594.01,595.8,1035.2145,0.7836239091,0.0
 4 Jan 14 13:52,591.7136,594.37682,1035.2145,0.7836239091,0.0
 4 Jan 14 14:02,593.0,593.87745,1035.2145,0.7836239091,0.0
 4 Jan 14 14:12,593.0,593.86745,1035.2145,0.7836239091,0.0
 4 Jan 14 14:22,590.51,593.0,1035.2145,0.7836239091,0.0
 4 Jan 14 14:32,591.18632,593.07286,1035.2145,0.7836239091,0.0
 4 Jan 14 14:42,593.51,594.88202,1035.2145,0.7836239091,0.0
 4 Jan 14 14:52,592.96556,595.0,1035.2145,0.7836239091,0.0
 4 Jan 14 15:02,597.83594,598.0,1035.2145,0.7836239091,0.0
 4 Jan 14 15:13,596.34582,597.78,1035.2145,0.7836239091,0.0
 4 Jan 14 15:23,595.9,597.81371,1035.2145,0.7836239091,0.0
 4 Jan 14 15:33,597.6073,598.0,1035.2145,0.7836239091,0.0
 4 Jan 14 15:43,596.3436,597.89,1035.2145,0.7836239091,0.0
 4 Jan 14 15:53,596.8,597.88,1035.2145,0.7836239091,0.0
 4 Jan 14 16:03,596.3436,596.84845,1035.2145,0.7836239091,0.0
 4 Jan 14 16:13,599.0,599.32532,1035.2145,0.7836239091,0.0
 4 Jan 14 16:23,600.0,600.19999,1035.2145,0.7836239091,-0.784
 4 Jan 14 16:33,605.9302,606.82708,1504.6365,9.1e-09,0.0
 4 Jan 14 16:43,605.33227,605.3554,1504.6365,9.1e-09,0.0
 4 Jan 14 16:53,608.5,608.99999,1504.6365,9.1e-09,0.0
 4 Jan 14 17:03,610.0,610.05099,1504.6365,9.1e-09,0.0
 4 Jan 14 17:13,604.17061,604.22103,1504.6365,9.1e-09,0.0
 4 Jan 14 17:23,604.21,605.29324,1504.6365,9.1e-09,0.0
 4 Jan 14 17:33,606.75,607.1142,1504.6365,9.1e-09,0.0
 4 Jan 14 17:43,607.14547,609.8427,1504.6365,9.1e-09,0.0
 4 Jan 14 17:53,607.10027,607.85009,1504.6365,9.1e-09,0.0
 4 Jan 14 18:03,604.26,608.9748,1504.6365,9.1e-09,0.0
 4 Jan 14 18:13,604.22,608.58599,1504.6365,9.1e-09,0.0
 4 Jan 14 18:23,607.06084,608.9,1504.6365,9.1e-09,0.0
 4 Jan 14 18:33,608.5,608.9,1504.6365,9.1e-09,0.0
 4 Jan 14 18:44,607.0,607.1142,1504.6365,9.1e-09,0.0
 4 Jan 14 18:54,606.8024,608.7724,1504.6365,9.1e-09,0.0
 4 Jan 14 19:04,604.21,606.79015,1504.6365,9.1e-09,0.0
 4 Jan 14 19:14,606.42227,608.97505,1504.6365,9.1e-09,0.0
 4 Jan 14 19:24,604.2442,605.05369,1504.6365,9.1e-09,0.0
 4 Jan 14 19:34,604.17061,605.6424,1504.6365,9.1e-09,0.0
 4 Jan 14 19:44,604.01,605.6424,1504.6365,9.1e-09,0.0
 4 Jan 14 19:54,604.17061,604.59901,1504.6365,9.1e-09,0.0
 4 Jan 14 20:04,604.02,607.0,1504.6365,9.1e-09,0.0
 4 Jan 14 20:14,607.06348,607.93104,1504.6365,9.1e-09,0.0
 4 Jan 14 20:24,609.32188,609.35,1504.6365,9.1e-09,0.0
 4 Jan 14 20:34,607.35704,609.25,1504.6365,9.1e-09,0.0
 4 Jan 14 20:44,609.32188,609.46906,1504.6365,9.1e-09,0.0
 4 Jan 14 20:54,609.79,609.99,1504.6365,9.1e-09,0.0
 4 Jan 14 21:04,608.30733,610.48998,1504.6365,9.1e-09,0.0
 4 Jan 14 21:14,607.5,609.98,1504.6365,9.1e-09,0.0
 4 Jan 14 21:24,607.51,609.94004,1504.6365,9.1e-09,0.0
 4 Jan 14 21:34,605.27446,608.99,1504.6365,9.1e-09,0.0
 4 Jan 14 21:44,602.66,603.0,1504.6365,9.1e-09,0.0
 4 Jan 14 21:55,607.4984,608.0,1504.6365,9.1e-09,0.0
 4 Jan 14 22:05,608.58599,608.9783,1504.6365,9.1e-09,0.0
 4 Jan 14 22:15,605.7,609.0,1504.6365,9.1e-09,0.0
 4 Jan 14 22:25,607.5,608.99,1504.6365,9.1e-09,0.0
 4 Jan 14 22:35,609.32188,609.77935,1504.6365,9.1e-09,0.0
 4 Jan 14 22:45,609.32188,609.76935,1504.6365,9.1e-09,0.0
 4 Jan 14 22:55,609.76935,609.78935,1504.6365,9.1e-09,0.0
 4 Jan 14 23:05,609.2,609.82,1504.6365,9.1e-09,0.0
 4 Jan 14 23:15,609.2,609.82,1504.6365,9.1e-09,0.0
 4 Jan 14 23:25,609.1,609.97,1504.6365,9.1e-09,0.0
 4 Jan 14 23:35,608.27139,608.5,1504.6365,9.1e-09,0.0
 4 Jan 14 23:45,608.27139,609.97,1504.6365,9.1e-09,0.0
 4 Jan 14 23:55,608.27139,609.97,1504.6365,9.1e-09,0.0
 5 Jan 14 00:05,609.0,609.98,1504.6365,9.1e-09,0.0
 5 Jan 14 00:15,612.4,612.49999,1504.6365,9.1e-09,0.0
 5 Jan 14 00:25,612.44984,612.99999,1504.6365,9.1e-09,0.0
 5 Jan 14 00:35,614.08323,614.4,1504.6365,9.1e-09,0.0
 5 Jan 14 00:45,616.0,616.01854,1504.6365,9.1e-09,0.0
 5 Jan 14 00:55,617.57574,617.78469,1504.6365,9.1e-09,0.0
 5 Jan 14 01:05,619.0,619.00055,1504.6365,9.1e-09,0.0
 5 Jan 14 01:15,612.55983,613.79863,1504.6365,9.1e-09,0.0
 5 Jan 14 01:26,611.70487,613.78863,1504.6365,9.1e-09,0.0
 5 Jan 14 01:36,615.27528,617.24999,1504.6365,9.1e-09,0.0
 5 Jan 14 01:46,615.3,617.23999,1504.6365,9.1e-09,0.0
 5 Jan 14 01:56,615.52999,617.23999,1504.6365,9.1e-09,0.0
 5 Jan 14 02:06,610.0,611.67982,1504.6365,9.1e-09,0.0
 5 Jan 14 02:16,612.07535,615.13573,1504.6365,9.1e-09,0.0
 5 Jan 14 02:26,616.67049,616.99999,1504.6365,9.1e-09,0.0
 5 Jan 14 02:36,615.13343,617.99999,1504.6365,9.1e-09,0.0
 5 Jan 14 02:46,615.25925,618.33554,1504.6365,9.1e-09,0.0
 5 Jan 14 02:56,615.25925,618.33554,1504.6365,9.1e-09,0.0
 5 Jan 14 03:06,615.25925,618.209,1504.6365,9.1e-09,0.0
 5 Jan 14 03:16,615.25925,618.208,1504.6365,9.1e-09,0.0
 5 Jan 14 03:26,616.79433,619.00055,1504.6365,9.1e-09,0.0
 5 Jan 14 03:36,616.79433,619.00055,1504.6365,9.1e-09,0.0
 5 Jan 14 03:46,616.79433,619.00055,1504.6365,9.1e-09,0.0
 5 Jan 14 03:56,616.79433,619.00055,1504.6365,9.1e-09,0.0
 5 Jan 14 04:07,616.79433,619.00055,1504.6365,9.1e-09,0.0
 5 Jan 14 04:17,616.79433,619.00055,1504.6365,9.1e-09,0.0
 5 Jan 14 04:27,616.79433,619.00055,1504.6365,9.1e-09,0.0
 5 Jan 14 04:37,619.00055,619.8783,1504.6365,9.1e-09,0.0
 5 Jan 14 04:47,619.8783,619.9896,1504.6365,9.1e-09,0.0
 5 Jan 14 04:57,619.00055,619.9796,1504.6365,9.1e-09,0.0
 5 Jan 14 05:07,619.00055,619.9696,1504.6365,9.1e-09,0.0
 5 Jan 14 05:17,619.98962,619.99,1504.6365,9.1e-09,0.0
 5 Jan 14 05:27,619.98962,619.99,1504.6365,9.1e-09,0.0
 5 Jan 14 05:37,619.98962,619.99,1504.6365,9.1e-09,0.0
 5 Jan 14 05:47,619.98962,619.99,1504.6365,9.1e-09,0.0
 5 Jan 14 05:57,619.98962,619.99,1504.6365,9.1e-09,0.0
 5 Jan 14 06:08,619.98962,620.0,1504.6365,9.1e-09,0.0
 5 Jan 14 06:18,619.98962,620.0,1504.6365,9.1e-09,0.0
 5 Jan 14 06:28,619.98962,620.0,1504.6365,9.1e-09,0.0
 5 Jan 14 06:38,619.0,619.876,1504.6365,9.1e-09,0.0
 5 Jan 14 06:48,618.0,618.33095,1504.6365,9.1e-09,0.0
 5 Jan 14 06:58,616.78975,618.5,1504.6365,9.1e-09,0.0
 5 Jan 14 07:08,618.5,619.8714,1504.6365,9.1e-09,0.0
 5 Jan 14 07:18,619.5,619.8714,1504.6365,9.1e-09,0.0
 5 Jan 14 07:28,619.5,619.8714,1504.6365,9.1e-09,0.0
 5 Jan 14 07:38,619.5,619.8714,1504.6365,9.1e-09,0.0
 5 Jan 14 07:48,618.5,619.8714,1504.6365,9.1e-09,0.0
 5 Jan 14 07:58,618.5,619.8714,1504.6365,9.1e-09,0.0
 5 Jan 14 08:08,618.5,619.871,1504.6365,9.1e-09,0.0
 5 Jan 14 08:19,617.0032,618.0,1504.6365,9.1e-09,0.0
 5 Jan 14 08:30,618.0,618.14528,1504.6365,9.1e-09,0.0
 5 Jan 14 08:40,618.5,618.85,1504.6365,9.1e-09,0.0
 5 Jan 14 08:50,618.50001,619.4,1504.6365,9.1e-09,0.0
 5 Jan 14 09:00,618.8,619.4,1504.6365,9.1e-09,0.0
 5 Jan 14 09:10,619.4,619.5,1504.6365,9.1e-09,0.0
 5 Jan 14 09:20,619.5,619.99,1504.6365,9.1e-09,0.0
 5 Jan 14 09:30,619.5,620.0,1504.6365,9.1e-09,0.0
 5 Jan 14 09:40,619.5,619.99,1504.6365,9.1e-09,0.0
 5 Jan 14 09:50,619.5,619.99,1504.6365,9.1e-09,0.0
 5 Jan 14 10:00,619.5,619.99,1504.6365,9.1e-09,0.0
 5 Jan 14 10:10,619.4,619.99,1504.6365,9.1e-09,0.0
 5 Jan 14 10:20,619.4,620.0,1504.6365,9.1e-09,0.0
 5 Jan 14 10:30,619.5,620.0,1504.6365,9.1e-09,0.0
 5 Jan 14 10:41,619.4,619.52,1504.6365,9.1e-09,0.0
 5 Jan 14 10:51,620.00055,620.2,1504.6365,9.1e-09,0.0
 5 Jan 14 11:01,620.2,621.0,1504.6365,9.1e-09,0.0
 5 Jan 14 11:11,622.0,622.9638,1504.6365,9.1e-09,0.0
 5 Jan 14 11:21,621.0,622.895,1504.6365,9.1e-09,0.0
 5 Jan 14 11:31,622.95684,623.9,1504.6365,9.1e-09,0.0
 5 Jan 14 11:41,622.0,623.5,1504.6365,9.1e-09,0.0
 5 Jan 14 11:51,622.0,623.49,1504.6365,9.1e-09,0.0
 5 Jan 14 12:01,621.4018,622.0,1504.6365,9.1e-09,0.0
 5 Jan 14 12:11,621.5,622.0,1504.6365,9.1e-09,0.0
 5 Jan 14 12:21,621.6,622.0,1504.6365,9.1e-09,0.0
 5 Jan 14 12:31,621.4118,622.0,1504.6365,9.1e-09,0.0
 5 Jan 14 12:41,621.97,622.0,1504.6365,9.1e-09,0.0
 5 Jan 14 12:51,624.19434,624.24999,1504.6365,9.1e-09,0.0
 5 Jan 14 13:01,626.67431,626.99999,1504.6365,9.1e-09,0.0
 5 Jan 14 13:12,627.0,627.74999,1504.6365,9.1e-09,0.0
 5 Jan 14 13:22,627.62666,630.0,1504.6365,9.1e-09,0.0
 5 Jan 14 13:32,638.0,638.75759,1504.6365,9.1e-09,0.0
 5 Jan 14 13:42,629.08,630.64514,1504.6365,9.1e-09,0.0
 5 Jan 14 13:52,636.00001,637.0,1504.6365,9.1e-09,0.0
 5 Jan 14 14:02,638.1582,640.00257,1504.6365,9.1e-09,0.0
 5 Jan 14 14:12,638.16,640.0121,1504.6365,9.1e-09,0.0
 5 Jan 14 14:22,640.0,642.94197,1504.6365,9.1e-09,0.0
 5 Jan 14 14:32,644.64873,650.0,1504.6365,9.1e-09,0.0
 5 Jan 14 14:42,644.5,646.0,1504.6365,9.1e-09,0.0
 5 Jan 14 14:52,649.75,649.9944,1504.6365,9.1e-09,0.0
 5 Jan 14 15:02,652.5,653.5,1504.6365,9.1e-09,0.0
 5 Jan 14 15:12,656.0,657.4898,1504.6365,9.1e-09,0.0
 5 Jan 14 15:22,657.25,658.0,1504.6365,9.1e-09,0.0
 5 Jan 14 15:32,662.5,664.9999,1504.6365,9.1e-09,0.0
 5 Jan 14 15:42,673.6,677.5,1504.6365,9.1e-09,0.0
 5 Jan 14 15:52,656.0,662.48699,1504.6365,9.1e-09,1.062
 5 Jan 14 16:03,651.0,655.0,799.6244,1.0624576291,0.0
 5 Jan 14 16:13,675.0,677.02,799.6244,1.0624576291,-0.888
 5 Jan 14 16:23,669.0,673.86892,1398.2872,0.1741284691,0.0
 5 Jan 14 16:33,674.3,677.4977,1398.2872,0.1741284691,0.0
 5 Jan 14 16:43,677.0,677.8,1398.2872,0.1741284691,0.0
 5 Jan 14 16:53,681.0,682.0,1398.2872,0.1741284691,0.0
 5 Jan 14 17:03,671.0,673.0,1398.2872,0.1741284691,0.0
 5 Jan 14 17:13,656.01,657.22084,1398.2872,0.1741284691,1.583
 5 Jan 14 17:23,656.83869,663.07,356.3558,1.7569552991,0.0
 5 Jan 14 17:33,658.88,660.0,356.3558,1.7569552991,0.0
 5 Jan 14 17:43,651.21283,652.87693,356.3558,1.7569552991,0.0
 5 Jan 14 17:53,659.0,666.41473,356.3558,1.7569552991,0.0
 5 Jan 14 18:03,664.37647,664.5,356.3558,1.7569552991,0.0
 5 Jan 14 18:13,664.07536,664.99,356.3558,1.7569552991,0.0
 5 Jan 14 18:24,661.06,664.95,356.3558,1.7569552991,0.0
 5 Jan 14 18:34,665.0,665.55,356.3558,1.7569552991,0.0
 5 Jan 14 18:44,668.0,675.0,356.3558,1.7569552991,-0.77
 5 Jan 14 18:54,671.2,674.8,869.6185,0.9873666991,0.0
 5 Jan 14 19:04,672.6,675.498,869.6185,0.9873666991,0.0
 5 Jan 14 19:14,680.66806,680.73613,869.6185,0.9873666991,-0.894
 5 Jan 14 19:24,677.11,686.92854,1477.4844,0.0928924891,0.0
 5 Jan 14 19:34,680.67218,682.0,1477.4844,0.0928924891,0.0
 5 Jan 14 19:44,677.53095,679.8755,1477.4844,0.0928924891,0.0
 5 Jan 14 19:54,678.0,682.0,1477.4844,0.0928924891,0.0
 5 Jan 14 20:04,670.5,673.0,1477.4844,0.0928924891,0.884
 5 Jan 14 20:14,679.16833,682.03804,881.9038,0.9764423391,0.0
 5 Jan 14 20:24,675.01,676.96425,881.9038,0.9764423391,0.0
 5 Jan 14 20:34,677.76,682.97999,881.9038,0.9764423391,0.0
 5 Jan 14 20:44,680.01,683.88999,881.9038,0.9764423391,0.0
 5 Jan 14 20:54,680.21522,680.55782,881.9038,0.9764423391,0.0
 5 Jan 14 21:04,679.53046,680.56782,881.9038,0.9764423391,0.0
 5 Jan 14 21:14,680.0,683.0,881.9038,0.9764423391,0.0
 5 Jan 14 21:25,677.0,681.5,881.9038,0.9764423391,0.0
 5 Jan 14 21:35,677.2,681.5,881.9038,0.9764423391,0.0
 5 Jan 14 21:45,679.82711,681.5,881.9038,0.9764423391,0.0
 5 Jan 14 21:55,681.0,681.44,881.9038,0.9764423391,0.0
 5 Jan 14 22:05,681.0,681.45,881.9038,0.9764423391,0.0
 5 Jan 14 22:15,670.0,677.0,881.9038,0.9764423391,0.0
 5 Jan 14 22:25,657.5001,660.0,881.9038,0.9764423391,0.929
 5 Jan 14 22:35,660.25,667.98,267.9932,1.9051240291,0.0
 5 Jan 14 22:45,662.0,670.0,267.9932,1.9051240291,0.0
 5 Jan 14 22:55,669.99,673.08909,267.9932,1.9051240291,0.0
 5 Jan 14 23:05,664.54504,669.979,267.9932,1.9051240291,0.0
 5 Jan 14 23:15,659.0,659.21577,267.9932,1.9051240291,0.0
 5 Jan 14 23:25,660.14073,661.36193,267.9932,1.9051240291,0.0
 5 Jan 14 23:35,669.0,669.52504,267.9932,1.9051240291,0.0
 5 Jan 14 23:45,663.01,665.76997,267.9932,1.9051240291,0.0
 5 Jan 14 23:55,663.85,665.79,267.9932,1.9051240291,0.0
 6 Jan 14 00:06,663.85,667.84,267.9932,1.9051240291,0.0
 6 Jan 14 00:16,668.9789,669.9689,267.9932,1.9051240291,0.0
 6 Jan 14 00:26,669.0,673.08909,267.9932,1.9051240291,0.0
 6 Jan 14 00:36,668.9789,669.0,267.9932,1.9051240291,0.0
 6 Jan 14 00:46,669.0,673.0,267.9932,1.9051240291,0.0
 6 Jan 14 00:56,670.0,672.48,267.9932,1.9051240291,0.0
 6 Jan 14 01:06,669.26,669.3141,267.9932,1.9051240291,0.0
 6 Jan 14 01:16,666.90636,667.12801,267.9932,1.9051240291,0.0
 6 Jan 14 01:26,665.72,673.77748,267.9932,1.9051240291,0.0
 6 Jan 14 01:36,665.65342,673.09909,267.9932,1.9051240291,0.0
 6 Jan 14 01:46,665.65342,673.07909,267.9932,1.9051240291,0.0
 6 Jan 14 01:56,666.0,673.07909,267.9932,1.9051240291,0.0
 6 Jan 14 02:06,666.01,673.06909,267.9932,1.9051240291,0.0
 6 Jan 14 02:16,678.68512,680.98555,267.9932,1.9051240291,-1.326
 6 Jan 14 02:27,681.03764,681.449,1166.1548,0.5796183091,0.0
 6 Jan 14 02:37,680.13471,681.449,1166.1548,0.5796183091,0.0
 6 Jan 14 02:47,680.0367,681.43,1166.1548,0.5796183091,0.0
 6 Jan 14 02:57,670.449,679.8,1166.1548,0.5796183091,0.0
 6 Jan 14 03:07,678.0,680.91138,1166.1548,0.5796183091,0.0
 6 Jan 14 03:17,678.0,682.5,1166.1548,0.5796183091,0.0
 6 Jan 14 03:27,684.50539,684.9989,1166.1548,0.5796183091,0.0
 6 Jan 14 03:37,688.23223,688.23959,1166.1548,0.5796183091,0.0
 6 Jan 14 03:47,691.96564,695.0,1166.1548,0.5796183091,0.0
 6 Jan 14 03:57,693.67431,696.69519,1166.1548,0.5796183091,0.0
 6 Jan 14 04:07,694.61,697.0,1166.1548,0.5796183091,0.0
 6 Jan 14 04:17,694.93032,696.91057,1166.1548,0.5796183091,0.0
 6 Jan 14 04:27,696.41019,696.83717,1166.1548,0.5796183091,0.0
 6 Jan 14 04:37,694.93787,696.82717,1166.1548,0.5796183091,0.0
 6 Jan 14 04:47,695.37584,698.124,1166.1548,0.5796183091,0.0
 6 Jan 14 04:57,695.3063,697.99,1166.1548,0.5796183091,0.0
 6 Jan 14 05:07,690.56887,691.10179,1166.1548,0.5796183091,0.0
 6 Jan 14 05:17,689.13103,689.99052,1166.1548,0.5796183091,0.0
 6 Jan 14 05:28,688.46348,695.37134,1166.1548,0.5796183091,0.0
 6 Jan 14 05:38,690.01,695.37134,1166.1548,0.5796183091,0.0
 6 Jan 14 05:48,690.01,695.32134,1166.1548,0.5796183091,0.0
 6 Jan 14 05:58,695.53926,696.41455,1166.1548,0.5796183091,0.0
 6 Jan 14 06:08,695.54926,697.6471,1166.1548,0.5796183091,0.0
 6 Jan 14 06:18,697.6571,698.114,1166.1548,0.5796183091,0.0
 6 Jan 14 06:28,697.10096,699.29688,1166.1548,0.5796183091,0.0
 6 Jan 14 06:38,697.11096,698.9,1166.1548,0.5796183091,0.0
 6 Jan 14 06:48,697.5,699.79,1166.1548,0.5796183091,0.0
 6 Jan 14 06:59,698.99,700.0,1166.1548,0.5796183091,0.0
 6 Jan 14 07:09,697.9,698.99,1166.1548,0.5796183091,0.0
 6 Jan 14 07:19,695.34397,697.9,1166.1548,0.5796183091,0.0
 6 Jan 14 07:29,697.07713,699.99999,1166.1548,0.5796183091,0.0
 6 Jan 14 07:39,698.22584,700.0,1166.1548,0.5796183091,0.0
 6 Jan 14 07:49,698.11,700.0,1166.1548,0.5796183091,0.0
 6 Jan 14 07:59,699.0,700.0,1166.1548,0.5796183091,0.0
 6 Jan 14 08:09,697.9,700.0,1166.1548,0.5796183091,0.0
 6 Jan 14 08:19,698.8146,701.5,1166.1548,0.5796183091,0.0
 6 Jan 14 08:29,705.46916,708.88,1166.1548,0.5796183091,0.0
 6 Jan 14 08:39,708.88,709.0,1166.1548,0.5796183091,0.0
 6 Jan 14 08:49,708.9,709.0,1166.1548,0.5796183091,0.0
 6 Jan 14 08:59,707.2214,710.0,1166.1548,0.5796183091,0.0
 6 Jan 14 09:09,710.89529,712.5,1166.1548,0.5796183091,0.0
 6 Jan 14 09:19,716.07927,718.88,1166.1548,0.5796183091,0.0
 6 Jan 14 09:29,726.14844,729.8,1166.1548,0.5796183091,0.0
 6 Jan 14 09:39,728.56817,730.38414,1166.1548,0.5796183091,0.0
 6 Jan 14 09:49,730.34213,731.0,1166.1548,0.5796183091,0.0
 6 Jan 14 09:59,732.0,733.5,1166.1548,0.5796183091,0.0
 6 Jan 14 10:09,716.18544,723.54616,1166.1548,0.5796183091,0.0
 6 Jan 14 10:19,722.01002,727.0,1166.1548,0.5796183091,0.0
 6 Jan 14 10:29,726.8456,727.49,1166.1548,0.5796183091,0.0
 6 Jan 14 10:40,722.04,723.04,1166.1548,0.5796183091,0.0
 6 Jan 14 10:50,723.05,723.18788,1166.1548,0.5796183091,0.0
 6 Jan 14 11:00,723.04,725.32611,1166.1548,0.5796183091,0.0
 6 Jan 14 11:10,714.73015,716.50882,1166.1548,0.5796183091,0.0
 6 Jan 14 11:20,712.24438,715.5806,1166.1548,0.5796183091,0.0
 6 Jan 14 11:30,714.52892,714.99,1166.1548,0.5796183091,0.0
 6 Jan 14 11:40,705.6877,706.67968,1166.1548,0.5796183091,1.133
 6 Jan 14 11:50,716.0,716.03894,364.1227,1.7127419791,0.0
 6 Jan 14 12:00,712.65415,715.04107,364.1227,1.7127419791,0.0
 6 Jan 14 12:10,709.5,709.70233,364.1227,1.7127419791,0.0
 6 Jan 14 12:20,700.8526,703.48227,364.1227,1.6230174066,0.0
 6 Jan 14 12:30,701.06538,701.99999,364.1227,1.6230174066,0.0
 6 Jan 14 12:40,690.12521,693.0,364.1227,1.6230174066,0.0
 6 Jan 14 12:50,665.0,670.0,364.1227,1.6230174066,0.0
 6 Jan 14 13:00,682.57133,683.0,364.1227,1.6230174066,0.0
 6 Jan 14 13:10,648.225,649.80848,364.1227,1.6230174066,0.0
 6 Jan 14 13:20,668.76403,670.0,364.1227,1.6230174066,-0.829
 6 Jan 14 13:30,669.5994,672.9474,917.7417,0.7939496566,0.0
 6 Jan 14 13:39,673.0,673.206,917.7417,0.7939496566,0.0
 6 Jan 14 13:40,678.23153,679.91201,917.7417,0.7939496566,1.35
 6 Jan 14 13:48,692.92,695.0,0.0,2.1417225366,0.0
 6 Jan 14 13:58,697.0,700.0,0.0,2.1417225366,0.0
 6 Jan 14 14:08,700.0,702.88,0.0,2.1417225366,0.0
 6 Jan 14 14:18,693.0,693.08505,0.0,2.1417225366,0.0
 6 Jan 14 14:28,689.97378,690.0,0.0,2.1417225366,0.0
 6 Jan 14 14:38,679.936,680.0,0.0,2.1417225366,0.0
 6 Jan 14 14:49,689.11378,689.45808,0.0,2.1417225366,0.0
 6 Jan 14 14:59,690.31,691.97,0.0,2.1417225366,0.0
 6 Jan 14 15:09,691.12441,691.94,0.0,2.1417225366,0.0
 6 Jan 14 15:19,688.0,689.1,0.0,2.1417225366,0.0
 6 Jan 14 15:29,685.88,687.0,0.0,2.1417225366,0.0
 6 Jan 14 15:39,683.9,684.0,0.0,2.1417225366,0.0
 6 Jan 14 15:49,665.08869,667.20363,0.0,2.1417225366,0.0
 6 Jan 14 15:59,655.77019,659.04494,0.0,2.1417225366,0.0
 6 Jan 14 16:09,660.0,665.59247,0.0,2.1417225366,0.0
 6 Jan 14 16:19,658.21665,660.61577,0.0,2.1417225366,0.0
 6 Jan 14 16:29,664.0,667.20013,0.0,2.1417225366,0.0
 6 Jan 14 16:39,670.46369,673.80595,0.0,2.1417225366,0.0
 6 Jan 14 16:49,667.96704,668.76925,0.0,2.1417225366,0.0
 6 Jan 14 16:59,667.95704,669.92,0.0,2.1417225366,0.0
 6 Jan 14 17:09,676.32016,678.82,0.0,2.1417225366,0.0
 6 Jan 14 17:19,674.55894,674.56894,0.0,2.1417225366,0.0
 6 Jan 14 17:29,674.54159,677.9143,0.0,2.1417225366,0.0
 6 Jan 14 17:39,682.81418,686.21825,0.0,2.1417225366,0.0
 6 Jan 14 17:50,684.77276,685.52204,0.0,2.1417225366,0.0
 6 Jan 14 18:00,693.45432,696.92159,0.0,2.1417225366,0.0
 6 Jan 14 18:10,685.99,688.39318,0.0,2.1417225366,0.0
 6 Jan 14 18:20,678.11,680.61835,0.0,2.1417225366,0.0
 6 Jan 14 18:30,683.25,686.6284,0.0,2.1417225366,0.0
 6 Jan 14 18:40,688.0,688.9,0.0,2.1417225366,0.0
 6 Jan 14 18:50,683.3,685.5,0.0,2.1417225366,0.0
 6 Jan 14 19:00,676.41403,679.0,0.0,2.1417225366,0.0
 6 Jan 14 19:10,684.82657,688.2507,0.0,2.1417225366,0.0
 6 Jan 14 19:20,681.41354,684.8206,0.0,2.1417225366,0.0
 6 Jan 14 19:30,683.11198,686.0,0.0,2.1417225366,0.0
 6 Jan 14 19:40,685.0,685.82482,0.0,2.1417225366,0.0
 6 Jan 14 19:50,685.0,685.399,0.0,2.1417225366,0.0
 6 Jan 14 20:00,681.3856,683.51134,0.0,2.1417225366,0.0
 6 Jan 14 20:10,682.0,686.99,0.0,2.1417225366,0.0
 6 Jan 14 20:20,682.86942,687.0,0.0,2.1417225366,0.0
 6 Jan 14 20:31,682.98,687.0,0.0,2.1417225366,0.0
 6 Jan 14 20:41,682.6426,686.04581,0.0,2.1417225366,0.0
 6 Jan 14 20:51,683.01,686.01,0.0,2.1417225366,0.0
 6 Jan 14 21:01,684.26751,684.34409,0.0,2.1417225366,0.0
 6 Jan 14 21:11,687.76384,690.0,0.0,2.1417225366,0.0
 6 Jan 14 21:21,689.47808,692.5,0.0,2.1417225366,0.0
 6 Jan 14 21:31,686.00846,688.77091,0.0,2.1417225366,0.0
 6 Jan 14 21:41,686.29164,687.69833,0.0,2.1417225366,0.0
 6 Jan 14 21:51,680.1,685.96753,0.0,2.1417225366,0.0
 6 Jan 14 22:01,680.01,680.02378,0.0,2.1417225366,0.0
 6 Jan 14 22:11,682.56177,684.8,0.0,2.1417225366,0.0
 6 Jan 14 22:21,684.8,685.457,0.0,2.1417225366,0.0
 6 Jan 14 22:31,686.49,686.5,0.0,2.1417225366,0.0
 6 Jan 14 22:41,684.26306,686.5,0.0,2.1417225366,0.0
 6 Jan 14 22:51,673.01378,675.11378,0.0,2.1417225366,0.0
 6 Jan 14 23:01,675.46559,677.41655,0.0,2.1417225366,0.0
 6 Jan 14 23:11,675.61,677.0,0.0,2.1417225366,0.0
 6 Jan 14 23:21,674.0,674.59,0.0,2.1417225366,0.0
 6 Jan 14 23:31,674.0,675.46559,0.0,2.1417225366,0.0
 6 Jan 14 23:41,671.32131,671.5,0.0,2.1417225366,0.0
 6 Jan 14 23:52,671.0101,671.5,0.0,2.1417225366,0.0
 7 Jan 14 00:02,673.50485,675.18534,0.0,2.1417225366,0.0
 7 Jan 14 00:12,672.0,675.17357,0.0,2.1417225366,0.0
 7 Jan 14 00:22,675.16357,675.17534,0.0,2.1417225366,0.0
 7 Jan 14 00:32,675.16357,675.18534,0.0,2.1417225366,0.0
 7 Jan 14 00:42,672.0,673.49898,0.0,2.1417225366,0.0
 7 Jan 14 00:52,673.52311,676.86057,0.0,2.1417225366,0.0
 7 Jan 14 01:02,678.46,680.88137,0.0,2.1417225366,0.0
 7 Jan 14 01:12,675.81768,682.55411,0.0,2.1417225366,0.0
 7 Jan 14 01:22,685.87269,687.58995,0.0,2.1417225366,0.0
 7 Jan 14 01:32,683.001,685.80306,0.0,2.1417225366,0.0
 7 Jan 14 01:42,685.82306,687.53249,0.0,2.1417225366,0.0
 7 Jan 14 01:52,689.24618,690.95414,0.0,2.1417225366,0.0
 7 Jan 14 02:02,689.24018,692.68638,0.0,2.1417225366,0.0
 7 Jan 14 02:12,690.0,692.68638,0.0,2.1417225366,0.0
 7 Jan 14 02:23,693.49469,694.41291,0.0,2.1417225366,0.0
 7 Jan 14 02:33,694.63592,697.13,0.0,2.1417225366,0.0
 7 Jan 14 02:43,692.63449,696.09766,0.0,2.1417225366,0.0
 7 Jan 14 02:53,690.0,693.0,0.0,2.1417225366,0.0
 7 Jan 14 03:03,689.0,693.0,0.0,2.1417225366,0.0
 7 Jan 14 03:13,687.44319,689.0,0.0,2.1417225366,0.0
 7 Jan 14 03:23,689.0,693.0,0.0,2.1417225366,0.0
 7 Jan 14 03:33,687.44319,693.0,0.0,2.1417225366,0.0
 7 Jan 14 03:43,687.44319,693.0,0.0,2.1417225366,0.0
 7 Jan 14 03:53,687.44319,694.36089,0.0,2.1417225366,0.0
 7 Jan 14 04:03,687.45218,690.88944,0.0,2.1417225366,0.0
 7 Jan 14 04:13,688.78732,689.0,0.0,2.1417225366,0.0
 7 Jan 14 04:24,688.78732,689.0,0.0,2.1417225366,0.0
 7 Jan 14 04:34,689.0,692.23125,0.0,2.1417225366,0.0
 7 Jan 14 04:44,689.0,690.0,0.0,2.1417225366,0.0
 7 Jan 14 04:54,683.01,687.0,0.0,2.1417225366,0.0
 7 Jan 14 05:04,683.01,688.78132,0.0,2.1417225366,0.0
 7 Jan 14 05:14,683.01,688.78132,0.0,2.1417225366,0.0
 7 Jan 14 05:24,683.69266,687.10882,0.0,2.1417225366,0.0
 7 Jan 14 05:34,685.02,687.12237,0.0,2.1417225366,0.0
 7 Jan 14 05:44,687.1243,688.4571,0.0,2.1417225366,0.0
 7 Jan 14 05:54,683.3347,686.74132,0.0,2.1417225366,0.0
 7 Jan 14 06:04,683.31876,686.73535,0.0,2.1417225366,0.0
 7 Jan 14 06:14,683.31281,686.72937,0.0,2.1417225366,0.0
 7 Jan 14 06:24,683.31281,686.72937,0.0,2.1417225366,0.0
 7 Jan 14 06:35,684.47897,686.18504,0.0,2.1417225366,0.0
 7 Jan 14 06:45,682.77118,684.47897,0.0,2.1417225366,0.0
 7 Jan 14 06:55,680.1,681.06767,0.0,2.1417225366,0.0
 7 Jan 14 07:05,676.0,677.0,0.0,2.1417225366,0.0
 7 Jan 14 07:15,666.0,667.0,0.0,2.1417225366,0.0
 7 Jan 14 07:25,669.21867,671.0,0.0,2.1417225366,0.0
 7 Jan 14 07:35,670.88087,674.23528,0.0,2.1417225366,0.0
 7 Jan 14 07:45,672.55306,673.23518,0.0,2.1417225366,0.0
 7 Jan 14 07:55,673.0,674.21353,0.0,2.1417225366,0.0
 7 Jan 14 08:05,674.19353,674.22353,0.0,2.1417225366,0.0
 7 Jan 14 08:15,673.0,674.18353,0.0,2.1417225366,0.0
 7 Jan 14 08:25,672.0,674.21765,0.0,2.1417225366,0.0
 7 Jan 14 08:35,672.53547,674.22353,0.0,2.1417225366,0.0
 7 Jan 14 08:45,672.52377,674.22353,0.0,2.1417225366,0.0
 7 Jan 14 08:55,672.51791,675.8805,0.0,2.1417225366,0.0
 7 Jan 14 09:05,674.19418,677.56515,0.0,2.1417225366,0.0
 7 Jan 14 09:15,677.0,679.0,0.0,2.1417225366,0.0
 7 Jan 14 09:25,679.0,679.99,0.0,2.1417225366,0.0
 7 Jan 14 09:36,680.0,681.0736,0.0,2.1417225366,0.0
 7 Jan 14 09:46,680.0,682.04,0.0,2.1417225366,0.0
 7 Jan 14 09:56,680.1,682.04,0.0,2.1417225366,0.0
 7 Jan 14 10:06,680.03,681.99,0.0,2.1417225366,0.0
 7 Jan 14 10:16,679.42866,681.99,0.0,2.1417225366,0.0
 7 Jan 14 10:26,679.0,679.42866,0.0,2.1417225366,0.0
 7 Jan 14 10:36,679.0,681.12215,0.0,2.1417225366,0.0
 7 Jan 14 10:46,677.72758,679.8,0.0,2.1417225366,0.0
 7 Jan 14 10:56,674.21,676.0,0.0,2.1417225366,0.0
 7 Jan 14 11:06,671.2,673.04822,0.0,2.1417225366,0.0
 7 Jan 14 11:16,671.312,672.49,0.0,2.1417225366,0.0
 7 Jan 14 11:26,663.55282,665.05282,0.0,2.1417225366,0.0
 7 Jan 14 11:36,671.70828,673.09909,0.0,2.1417225366,0.0
 7 Jan 14 11:46,670.43,672.3,0.0,2.1417225366,0.0
 7 Jan 14 11:56,669.0,669.08102,0.0,2.1417225366,0.0
 7 Jan 14 12:06,665.74646,668.99999,0.0,2.1417225366,0.0
 7 Jan 14 12:16,671.0,673.0,0.0,2.1417225366,0.0
 7 Jan 14 12:26,660.59486,663.59486,0.0,2.1417225366,0.0
 7 Jan 14 12:36,658.78005,662.99,0.0,2.1417225366,0.0
 7 Jan 14 12:47,661.0,662.99,0.0,2.1417225366,0.0
 7 Jan 14 12:57,656.21693,657.8583,0.0,2.1417225366,0.0
 7 Jan 14 13:07,647.99105,650.0,0.0,2.1417225366,0.0
 7 Jan 14 13:17,626.54129,629.67399,0.0,2.1417225366,0.0
 7 Jan 14 13:27,653.40683,655.03465,0.0,2.1417225366,0.0
 7 Jan 14 13:37,640.68557,643.889,0.0,2.1417225366,0.0
 7 Jan 14 13:47,650.0,651.93764,0.0,2.1417225366,0.0
 7 Jan 14 13:57,653.5795,655.21427,0.0,2.1417225366,0.0
 7 Jan 14 14:07,655.19,655.20427,0.0,2.1417225366,0.0
 7 Jan 14 14:17,652.001,653.0,0.0,2.1417225366,0.0
 7 Jan 14 14:27,651.93016,652.7105,0.0,2.1417225366,0.0
 7 Jan 14 14:37,650.11,651.8,0.0,2.1417225366,0.0
 7 Jan 14 14:47,646.0,647.0,0.0,2.1417225366,0.0
 7 Jan 14 14:57,635.81577,639.0,0.0,2.1417225366,0.0
 7 Jan 14 15:07,643.75357,646.96233,0.0,2.1417225366,0.0
 7 Jan 14 15:17,645.01,646.97354,0.0,2.1417225366,0.0
 7 Jan 14 15:27,649.09675,650.72571,0.0,2.1417225366,0.0
 7 Jan 14 15:37,652.36684,654.49,0.0,2.1417225366,0.0
 7 Jan 14 15:48,655.0,655.09061,0.0,2.1417225366,0.0
 7 Jan 14 15:58,659.97001,660.52639,0.0,2.1417225366,0.0
 7 Jan 14 16:08,668.0,668.88,0.0,2.1417225366,0.0
 7 Jan 14 16:18,659.97001,660.0,0.0,2.1417225366,0.0
 7 Jan 14 16:28,655.54,655.8442,0.0,2.1417225366,0.0
 7 Jan 14 16:38,659.0,659.01,0.0,2.1417225366,0.0
 7 Jan 14 16:48,658.71274,659.0,0.0,2.1417225366,0.0
 7 Jan 14 16:58,656.0,658.697,0.0,2.1417225366,0.0
 7 Jan 14 17:08,664.91018,666.689,0.0,2.1417225366,0.0
 7 Jan 14 17:18,664.91018,665.98,0.0,2.1417225366,0.0
 7 Jan 14 17:28,661.59062,661.59638,0.0,2.1417225366,0.0
 7 Jan 14 17:38,661.59638,663.23965,0.0,2.1417225366,0.0
 7 Jan 14 17:48,657.0,661.57485,0.0,2.1417225366,0.0
 7 Jan 14 17:58,651.0,653.53083,0.0,2.1417225366,0.0
 7 Jan 14 18:06,653.75608,654.75608,0.0,2.1417225366,0.0
